PERSON_ID,PLAYER_FIRST_NAME,PLAYER_LAST_NAME,birthCountry,height,weight,POSITION,from_year,to_year,isG,isF,isC,season
1630173,Precious,Achiuwa,Nigeria,6-8,225,Forward,2020.0,2023.0,0,1,0,2021-22
1630173,Precious,Achiuwa,Nigeria,6-8,225,Forward,2020.0,2023.0,0,1,0,2022-23
203500,Steven,Adams,New Zealand,6-11,265,Center,2013.0,2023.0,0,0,1,2021-22
203500,Steven,Adams,New Zealand,6-11,265,Center,2013.0,2023.0,0,0,1,2022-23
1630534,Ochai,Agbaji,USA,6-5,215,Guard,2022.0,2023.0,1,0,0,2021-22
1630534,Ochai,Agbaji,USA,6-5,215,Guard,2022.0,2023.0,1,0,0,2022-23
1630583,Santi,Aldama,Spain,7-0,215,Forward-Center,2021.0,2023.0,0,1,1,2021-22
1630583,Santi,Aldama,Spain,7-0,215,Forward-Center,2021.0,2023.0,0,1,1,2022-23
200746,LaMarcus,Aldridge,USA,6-11,250,Center-Forward,2006.0,2021.0,0,1,1,2021-22
1628960,Grayson,Allen,USA,6-4,198,Guard,2018.0,2023.0,1,0,0,2021-22
1628960,Grayson,Allen,USA,6-4,198,Guard,2018.0,2023.0,1,0,0,2022-23
1628386,Jarrett,Allen,USA,6-9,243,Center,2017.0,2023.0,0,0,1,2021-22
1628386,Jarrett,Allen,USA,6-9,243,Center,2017.0,2023.0,0,0,1,2022-23
1630631,Jose,Alvarado,USA,6-0,179,Guard,2021.0,2023.0,1,0,0,2021-22
1630631,Jose,Alvarado,USA,6-0,179,Guard,2021.0,2023.0,1,0,0,2022-23
1626147,Justin,Anderson,USA,6-5,231,Forward-Guard,2015.0,2021.0,1,1,0,2021-22
203507,Giannis,Antetokounmpo,Greece,7-0,243,Forward,2013.0,2023.0,0,1,0,2021-22
203507,Giannis,Antetokounmpo,Greece,7-0,243,Forward,2013.0,2023.0,0,1,0,2022-23
203648,Thanasis,Antetokounmpo,Greece,6-7,219,Forward,2015.0,2023.0,0,1,0,2021-22
203648,Thanasis,Antetokounmpo,Greece,6-7,219,Forward,2015.0,2023.0,0,1,0,2022-23
1630175,Cole,Anthony,USA,6-3,185,Guard,2020.0,2023.0,1,0,0,2021-22
1630175,Cole,Anthony,USA,6-3,185,Guard,2020.0,2023.0,1,0,0,2022-23
1628384,O.G.,Anunoby,United Kingdom,6-7,232,Forward,2017.0,2023.0,0,1,0,2021-22
1628384,O.G.,Anunoby,United Kingdom,6-7,232,Forward,2017.0,2023.0,0,1,0,2022-23
1627853,Ryan,Arcidiacono,USA,6-3,195,Guard,2017.0,2022.0,1,0,0,2021-22
1627853,Ryan,Arcidiacono,USA,6-3,195,Guard,2017.0,2022.0,1,0,0,2022-23
201571,D.J.,Augustin,USA,5-11,183,Guard,2008.0,2023.0,1,0,0,2021-22
201571,D.J.,Augustin,USA,5-11,183,Guard,2008.0,2023.0,1,0,0,2022-23
1630166,Deni,Avdija,Israel,6-9,210,Forward,2020.0,2023.0,0,1,0,2021-22
1630166,Deni,Avdija,Israel,6-9,210,Forward,2020.0,2023.0,0,1,0,2022-23
1629028,Deandre,Ayton,Bahamas,7-0,250,Center,2018.0,2023.0,0,0,1,2021-22
1629028,Deandre,Ayton,Bahamas,7-0,250,Center,2018.0,2023.0,0,0,1,2022-23
1628962,Udoka,Azubuike,Nigeria,6-11,270,Center-Forward,2020.0,2023.0,0,1,1,2021-22
1628962,Udoka,Azubuike,Nigeria,6-11,270,Center-Forward,2020.0,2023.0,0,1,1,2022-23
1630641,Ibou,Badji,Senegal,7-1,240,Center,2022.0,2023.0,0,0,1,2021-22
1630641,Ibou,Badji,Senegal,7-1,240,Center,2022.0,2023.0,0,0,1,2022-23
1628963,Marvin,Bagley III,USA,6-10,235,Forward,2018.0,2023.0,0,1,0,2021-22
1628963,Marvin,Bagley III,USA,6-10,235,Forward,2018.0,2023.0,0,1,0,2022-23
1631116,Patrick,Baldwin Jr.,USA,6-9,220,Forward,2022.0,2023.0,0,1,0,2021-22
1631116,Patrick,Baldwin Jr.,USA,6-9,220,Forward,2022.0,2023.0,0,1,0,2022-23
1630163,LaMelo,Ball,USA,6-7,180,Guard,2020.0,2023.0,1,0,0,2021-22
1630163,LaMelo,Ball,USA,6-7,180,Guard,2020.0,2023.0,1,0,0,2022-23
1628366,Lonzo,Ball,USA,6-6,190,Guard,2017.0,2023.0,1,0,0,2021-22
1628366,Lonzo,Ball,USA,6-6,190,Guard,2017.0,2023.0,1,0,0,2022-23
1631094,Paolo,Banchero,USA,6-10,250,Forward,2022.0,2023.0,0,1,0,2021-22
1631094,Paolo,Banchero,USA,6-10,250,Forward,2022.0,2023.0,0,1,0,2022-23
1630217,Desmond,Bane,USA,6-5,215,Guard,2020.0,2023.0,1,0,0,2021-22
1630217,Desmond,Bane,USA,6-5,215,Guard,2020.0,2023.0,1,0,0,2022-23
1630625,Dalano,Banton,Canada,6-7,204,Forward,2021.0,2023.0,0,1,0,2021-22
1630625,Dalano,Banton,Canada,6-7,204,Forward,2021.0,2023.0,0,1,0,2022-23
1630567,Scottie,Barnes,USA,6-8,225,Forward,2021.0,2023.0,0,1,0,2021-22
1630567,Scottie,Barnes,USA,6-8,225,Forward,2021.0,2023.0,0,1,0,2022-23
1629628,RJ,Barrett,Canada,6-6,214,Forward-Guard,2019.0,2023.0,1,1,0,2021-22
1629628,RJ,Barrett,Canada,6-6,214,Forward-Guard,2019.0,2023.0,1,1,0,2022-23
203115,Will,Barton,USA,6-5,181,Guard,2012.0,2023.0,1,0,0,2021-22
203115,Will,Barton,USA,6-5,181,Guard,2012.0,2023.0,1,0,0,2022-23
1628238,Paris,Bass,USA,6-8,200,Forward,2021.0,2021.0,0,1,0,2021-22
1629646,Charles,Bassey,Nigeria,6-9,230,Center-Forward,2021.0,2023.0,0,1,1,2021-22
1629646,Charles,Bassey,Nigeria,6-9,230,Center-Forward,2021.0,2023.0,0,1,1,2022-23
1628966,Keita,Bates-Diop,USA,6-8,229,Forward,2018.0,2023.0,0,1,0,2021-22
1628966,Keita,Bates-Diop,USA,6-8,229,Forward,2018.0,2023.0,0,1,0,2022-23
201587,Nicolas,Batum,France,6-8,230,Guard-Forward,2008.0,2023.0,1,1,0,2021-22
201587,Nicolas,Batum,France,6-8,230,Guard-Forward,2008.0,2023.0,1,1,0,2022-23
203145,Kent,Bazemore,USA,6-4,195,Guard-Forward,2012.0,2021.0,1,1,0,2021-22
1629647,Darius,Bazley,USA,6-9,216,Forward,2019.0,2023.0,0,1,0,2021-22
1629647,Darius,Bazley,USA,6-9,216,Forward,2019.0,2023.0,0,1,0,2022-23
203078,Bradley,Beal,USA,6-4,207,Guard,2012.0,2023.0,1,0,0,2021-22
203078,Bradley,Beal,USA,6-4,207,Guard,2012.0,2023.0,1,0,0,2022-23
1627736,Malik,Beasley,USA,6-4,187,Guard,2016.0,2023.0,1,0,0,2021-22
1627736,Malik,Beasley,USA,6-4,187,Guard,2016.0,2023.0,1,0,0,2022-23
1630699,MarJon,Beauchamp,USA,6-7,199,Forward,2021.0,2023.0,0,1,0,2021-22
1630699,MarJon,Beauchamp,USA,6-7,199,Forward,2021.0,2023.0,0,1,0,2022-23
1628395,Jordan,Bell,USA,6-7,216,Forward,2017.0,2021.0,0,1,0,2021-22
202722,Davis,Bertans,Latvia,6-10,225,Forward,2016.0,2023.0,0,1,0,2021-22
202722,Davis,Bertans,Latvia,6-10,225,Forward,2016.0,2023.0,0,1,0,2022-23
1630180,Saddiq,Bey,USA,6-7,215,Forward,2020.0,2023.0,0,1,0,2021-22
1630180,Saddiq,Bey,USA,6-7,215,Forward,2020.0,2023.0,0,1,0,2022-23
1629048,Goga,Bitadze,Georgia,6-11,250,Center-Forward,2019.0,2023.0,0,1,1,2021-22
1629048,Goga,Bitadze,Georgia,6-11,250,Center-Forward,2019.0,2023.0,0,1,1,2022-23
202687,Bismack,Biyombo,DRC,6-8,255,Center,2011.0,2023.0,0,0,1,2021-22
202687,Bismack,Biyombo,DRC,6-8,255,Center,2011.0,2023.0,0,0,1,2022-23
202357,Nemanja,Bjelica,Serbia,6-9,234,Forward,2015.0,2021.0,0,1,0,2021-22
202339,Eric,Bledsoe,USA,6-1,214,Guard,2010.0,2021.0,1,0,0,2021-22
203992,Bogdan,Bogdanovic,Serbia,6-5,225,Guard,2017.0,2023.0,1,0,0,2021-22
203992,Bogdan,Bogdanovic,Serbia,6-5,225,Guard,2017.0,2023.0,1,0,0,2022-23
202711,Bojan,Bogdanovic,Croatia,6-7,226,Forward,2014.0,2023.0,0,1,0,2021-22
202711,Bojan,Bogdanovic,Croatia,6-7,226,Forward,2014.0,2023.0,0,1,0,2022-23
1629626,Bol,Bol,Sudan,7-2,220,Center-Forward,2019.0,2022.0,0,1,1,2021-22
1629626,Bol,Bol,Sudan,7-2,220,Center-Forward,2019.0,2022.0,0,1,1,2022-23
1630195,Leandro,Bolmaro,Argentina,6-6,200,Forward,2021.0,2022.0,0,1,0,2021-22
1630195,Leandro,Bolmaro,Argentina,6-6,200,Forward,2021.0,2022.0,0,1,0,2022-23
1630527,Brandon,Boston Jr.,USA,6-6,188,Guard,2021.0,2023.0,1,0,0,2021-22
1630527,Brandon,Boston Jr.,USA,6-6,188,Guard,2021.0,2023.0,1,0,0,2022-23
1630547,James,Bouknight,USA,6-4,190,Guard,2021.0,2023.0,1,0,0,2021-22
1630547,James,Bouknight,USA,6-4,190,Guard,2021.0,2023.0,1,0,0,2022-23
202340,Avery,Bradley,USA,6-3,180,Guard,2010.0,2021.0,1,0,0,2021-22
1631103,Malaki,Branham,USA,6-4,180,Forward,2022.0,2023.0,0,1,0,2021-22
1631103,Malaki,Branham,USA,6-4,180,Forward,2022.0,2023.0,0,1,0,2022-23
1629649,Ignas,Brazdeikis,Canada,6-6,221,Forward,2019.0,2021.0,0,1,0,2021-22
1628969,Mikal,Bridges,USA,6-6,209,Guard-Forward,2018.0,2023.0,1,1,0,2021-22
1628969,Mikal,Bridges,USA,6-6,209,Guard-Forward,2018.0,2023.0,1,1,0,2022-23
1628970,Miles,Bridges,USA,6-7,225,Forward,2018.0,2023.0,0,1,0,2021-22
1628970,Miles,Bridges,USA,6-7,225,Forward,2018.0,2023.0,0,1,0,2022-23
1629052,Oshae,Brissett,Canada,6-7,210,Forward-Guard,2019.0,2023.0,1,1,0,2021-22
1629052,Oshae,Brissett,Canada,6-7,210,Forward-Guard,2019.0,2023.0,1,1,0,2022-23
1627763,Malcolm,Brogdon,USA,6-4,229,Guard,2016.0,2023.0,1,0,0,2021-22
1627763,Malcolm,Brogdon,USA,6-4,229,Guard,2016.0,2023.0,1,0,0,2022-23
1629717,Armoni,Brooks,USA,6-3,195,Guard,2020.0,2021.0,1,0,0,2021-22
1631112,Kendall,Brown,USA,6-7,205,Guard,2022.0,2023.0,1,0,0,2021-22
1631112,Kendall,Brown,USA,6-7,205,Guard,2022.0,2023.0,1,0,0,2022-23
1628425,Sterling,Brown,USA,6-5,219,Guard-Forward,2017.0,2022.0,1,1,0,2021-22
1628425,Sterling,Brown,USA,6-5,219,Guard-Forward,2017.0,2022.0,1,1,0,2022-23
1630535,Greg,Brown III,USA,6-7,206,Forward,2021.0,2022.0,0,1,0,2021-22
1630535,Greg,Brown III,USA,6-7,206,Forward,2021.0,2022.0,0,1,0,2022-23
1629718,Charlie,Brown Jr.,USA,6-6,199,Guard,2019.0,2021.0,1,0,0,2021-22
1630602,Chaundee,Brown,USA,6-5,215,Forward,2021.0,2021.0,0,1,0,2021-22
1628418,Thomas,Bryant,USA,6-10,248,Center-Forward,2017.0,2023.0,0,1,1,2021-22
1628418,Thomas,Bryant,USA,6-10,248,Center-Forward,2017.0,2023.0,0,1,1,2022-23
203504,Trey,Burke,USA,6-0,185,Guard,2013.0,2021.0,1,0,0,2021-22
202692,Alec,Burks,USA,6-6,214,Guard,2011.0,2023.0,1,0,0,2021-22
202692,Alec,Burks,USA,6-6,214,Guard,2011.0,2023.0,1,0,0,2022-23
1629126,Deonte,Burton,USA,6-4,240,Guard-Forward,2018.0,2022.0,1,1,0,2021-22
1629126,Deonte,Burton,USA,6-4,240,Guard-Forward,2018.0,2022.0,1,1,0,2022-23
202710,Jimmy,Butler,USA,6-7,230,Forward,2011.0,2023.0,0,1,0,2021-22
202710,Jimmy,Butler,USA,6-7,230,Forward,2011.0,2023.0,0,1,0,2022-23
1631219,John,Butler Jr.,USA,7-0,190,Forward,2022.0,2023.0,0,1,0,2021-22
1631219,John,Butler Jr.,USA,7-0,190,Forward,2022.0,2023.0,0,1,0,2022-23
203484,Kentavious,Caldwell-Pope,USA,6-5,204,Guard,2013.0,2023.0,1,0,0,2021-22
203484,Kentavious,Caldwell-Pope,USA,6-5,204,Guard,2013.0,2023.0,1,0,0,2022-23
1630267,Facundo,Campazzo,Argentina,5-10,195,Guard,2020.0,2022.0,1,0,0,2021-22
1630267,Facundo,Campazzo,Argentina,5-10,195,Guard,2020.0,2022.0,1,0,0,2022-23
1628427,Vlatko,Cancar,Slovenia,6-8,236,Forward,2019.0,2023.0,0,1,0,2021-22
1628427,Vlatko,Cancar,Slovenia,6-8,236,Forward,2019.0,2023.0,0,1,0,2022-23
1629962,Devin,Cannady,USA,6-2,183,Guard,2020.0,2021.0,1,0,0,2021-22
203991,Clint,Capela,Switzerland,6-10,256,Center,2014.0,2023.0,0,0,1,2021-22
203991,Clint,Capela,Switzerland,6-10,256,Center,2014.0,2023.0,0,0,1,2022-23
1630176,Vernon,Carey Jr.,USA,6-10,270,Center,2020.0,2023.0,0,0,1,2021-22
1630176,Vernon,Carey Jr.,USA,6-10,270,Center,2020.0,2023.0,0,0,1,2022-23
1628975,Jevon,Carter,USA,6-1,200,Guard,2018.0,2023.0,1,0,0,2021-22
1628975,Jevon,Carter,USA,6-1,200,Guard,2018.0,2023.0,1,0,0,2022-23
1628976,Wendell,Carter Jr.,USA,6-10,270,Center-Forward,2018.0,2023.0,0,1,1,2021-22
1628976,Wendell,Carter Jr.,USA,6-10,270,Center-Forward,2018.0,2023.0,0,1,1,2022-23
1627936,Alex,Caruso,USA,6-5,186,Guard,2017.0,2023.0,1,0,0,2021-22
1627936,Alex,Caruso,USA,6-5,186,Guard,2017.0,2023.0,1,0,0,2022-23
1626161,Willie,Cauley-Stein,USA,7-0,240,Center,2015.0,2023.0,0,0,1,2021-22
1626161,Willie,Cauley-Stein,USA,7-0,240,Center,2015.0,2023.0,0,0,1,2022-23
1630577,Julian,Champagnie,USA,6-7,217,Forward,2022.0,2023.0,0,1,0,2021-22
1630577,Julian,Champagnie,USA,6-7,217,Forward,2022.0,2023.0,0,1,0,2022-23
1631113,Kennedy,Chandler,USA,5-11,170,Guard,2022.0,2022.0,1,0,0,2021-22
1631113,Kennedy,Chandler,USA,5-11,170,Guard,2022.0,2022.0,1,0,0,2022-23
1629597,Zylan,Cheatham,USA,6-5,220,Forward,2019.0,2021.0,0,1,0,2021-22
1629185,Chris,Chiozza,USA,5-11,175,Guard,2018.0,2021.0,1,0,0,2021-22
1627737,Marquese,Chriss,USA,6-9,240,Forward,2016.0,2021.0,0,1,0,2021-22
1630528,Josh,Christopher,USA,6-4,215,Guard,2021.0,2023.0,1,0,0,2021-22
1630528,Josh,Christopher,USA,6-4,215,Guard,2021.0,2023.0,1,0,0,2022-23
1629634,Brandon,Clarke,Canada,6-8,215,Forward,2019.0,2023.0,0,1,0,2021-22
1629634,Brandon,Clarke,Canada,6-8,215,Forward,2019.0,2023.0,0,1,0,2022-23
1629651,Nic,Claxton,USA,6-11,215,Center,2019.0,2023.0,0,0,1,2021-22
1629651,Nic,Claxton,USA,6-11,215,Center,2019.0,2023.0,0,0,1,2022-23
1629599,Amir,Coffey,USA,6-7,210,Guard-Forward,2019.0,2023.0,1,1,0,2021-22
1629599,Amir,Coffey,USA,6-7,210,Guard-Forward,2019.0,2023.0,1,1,0,2022-23
1628381,John,Collins,USA,6-9,226,Forward-Center,2017.0,2023.0,0,1,1,2021-22
1628381,John,Collins,USA,6-9,226,Forward-Center,2017.0,2023.0,0,1,1,2022-23
1628380,Zach,Collins,USA,6-11,250,Forward-Center,2017.0,2023.0,0,1,1,2021-22
1628380,Zach,Collins,USA,6-11,250,Forward-Center,2017.0,2023.0,0,1,1,2022-23
201144,Mike,Conley,USA,6-1,175,Guard,2007.0,2023.0,1,0,0,2021-22
201144,Mike,Conley,USA,6-1,175,Guard,2007.0,2023.0,1,0,0,2022-23
1626192,Pat,Connaughton,USA,6-5,209,Guard,2015.0,2023.0,1,0,0,2021-22
1626192,Pat,Connaughton,USA,6-5,209,Guard,2015.0,2023.0,1,0,0,2022-23
1629076,Tyler,Cook,USA,6-8,255,Forward,2019.0,2021.0,0,1,0,2021-22
1641645,Xavier,Cooks,Australia,6-8,183,Forward,2022.0,2023.0,0,1,0,2021-22
1641645,Xavier,Cooks,Australia,6-8,183,Forward,2022.0,2023.0,0,1,0,2022-23
1630536,Sharife,Cooper,USA,6-1,176,Guard,2021.0,2021.0,1,0,0,2021-22
1627822,Petr,Cornelie,France,6-11,220,Forward,2021.0,2021.0,0,1,0,2021-22
203496,Robert,Covington,USA,6-7,209,Forward,2013.0,2023.0,0,1,0,2021-22
203496,Robert,Covington,USA,6-7,209,Forward,2013.0,2023.0,0,1,0,2022-23
1628470,Torrey,Craig,USA,6-7,221,Forward,2017.0,2023.0,0,1,0,2021-22
1628470,Torrey,Craig,USA,6-7,221,Forward,2017.0,2023.0,0,1,0,2022-23
203109,Jae,Crowder,USA,6-6,235,Forward,2012.0,2023.0,0,1,0,2021-22
203109,Jae,Crowder,USA,6-6,235,Forward,2012.0,2023.0,0,1,0,2022-23
1629600,Jarron,Cumberland,USA,6-5,205,Guard,2021.0,2021.0,1,0,0,2021-22
1630595,Cade,Cunningham,USA,6-7,220,Guard,2021.0,2023.0,1,0,0,2021-22
1630595,Cade,Cunningham,USA,6-7,220,Guard,2021.0,2023.0,1,0,0,2022-23
201939,Stephen,Curry,USA,6-2,185,Guard,2009.0,2023.0,1,0,0,2021-22
201939,Stephen,Curry,USA,6-2,185,Guard,2009.0,2023.0,1,0,0,2022-23
203076,Anthony,Davis,USA,6-10,253,Forward-Center,2012.0,2023.0,0,1,1,2021-22
203076,Anthony,Davis,USA,6-10,253,Forward-Center,2012.0,2023.0,0,1,1,2022-23
1631120,J.D.,Davison,USA,6-1,195,Guard,2022.0,2023.0,1,0,0,2021-22
1631120,J.D.,Davison,USA,6-1,195,Guard,2022.0,2023.0,1,0,0,2022-23
1630620,Darius,Days,USA,6-7,245,Forward,2022.0,2023.0,0,1,0,2021-22
1630620,Darius,Days,USA,6-7,245,Forward,2022.0,2023.0,0,1,0,2022-23
1629602,Javin,DeLaurier,USA,6-10,234,Center,2021.0,2021.0,0,0,1,2021-22
1630466,Gabriel,Deck,Argentina,6-6,231,Forward,2020.0,2021.0,0,1,0,2021-22
203521,Matthew,Dellavedova,Australia,6-3,200,Guard,2013.0,2023.0,1,0,0,2021-22
203521,Matthew,Dellavedova,Australia,6-3,200,Guard,2013.0,2023.0,1,0,0,2022-23
1628978,Donte,DiVincenzo,USA,6-4,203,Guard,2018.0,2023.0,1,0,0,2021-22
1628978,Donte,DiVincenzo,USA,6-4,203,Guard,2018.0,2023.0,1,0,0,2022-23
1629603,Mamadi,Diakite,Guinea,6-9,228,Forward,2020.0,2023.0,0,1,0,2021-22
1629603,Mamadi,Diakite,Guinea,6-9,228,Forward,2020.0,2023.0,0,1,0,2022-23
1628977,Hamidou,Diallo,USA,6-5,202,Guard,2018.0,2023.0,1,0,0,2021-22
1628977,Hamidou,Diallo,USA,6-5,202,Guard,2018.0,2023.0,1,0,0,2022-23
203476,Gorgui,Dieng,Senegal,6-10,248,Center,2013.0,2023.0,0,0,1,2021-22
203476,Gorgui,Dieng,Senegal,6-10,248,Center,2013.0,2023.0,0,0,1,2022-23
1631172,Ousmane,Dieng,France,6-9,185,Forward,2022.0,2023.0,0,1,0,2021-22
1631172,Ousmane,Dieng,France,6-9,185,Forward,2022.0,2023.0,0,1,0,2022-23
203915,Spencer,Dinwiddie,USA,6-5,215,Guard,2014.0,2023.0,1,0,0,2021-22
203915,Spencer,Dinwiddie,USA,6-5,215,Guard,2014.0,2023.0,1,0,0,2022-23
1629029,Luka,Doncic,Slovenia,6-7,230,Forward-Guard,2018.0,2023.0,1,1,0,2021-22
1629029,Luka,Doncic,Slovenia,6-7,230,Forward-Guard,2018.0,2023.0,1,1,0,2022-23
1628416,Tyler,Dorsey,USA,6-4,180,Guard,2017.0,2022.0,1,0,0,2021-22
1628416,Tyler,Dorsey,USA,6-4,180,Guard,2017.0,2022.0,1,0,0,2022-23
1629635,Sekou,Doumbouya,France,6-9,230,Forward,2019.0,2021.0,0,1,0,2021-22
1630288,Jeff,Dowtin Jr.,USA,6-3,177,Guard,2021.0,2023.0,1,0,0,2021-22
1630288,Jeff,Dowtin Jr.,USA,6-3,177,Guard,2021.0,2023.0,1,0,0,2022-23
1628408,PJ,Dozier,USA,6-6,205,Guard-Forward,2017.0,2023.0,1,1,0,2021-22
1628408,PJ,Dozier,USA,6-6,205,Guard-Forward,2017.0,2023.0,1,1,0,2022-23
203083,Andre,Drummond,USA,6-11,279,Center,2012.0,2023.0,0,0,1,2021-22
203083,Andre,Drummond,USA,6-11,279,Center,2012.0,2023.0,0,0,1,2022-23
1630537,Chris,Duarte,Dominican Republic,6-5,190,Guard,2021.0,2023.0,1,0,0,2021-22
1630537,Chris,Duarte,Dominican Republic,6-5,190,Guard,2021.0,2023.0,1,0,0,2022-23
1627739,Kris,Dunn,USA,6-3,205,Guard,2016.0,2023.0,1,0,0,2021-22
1627739,Kris,Dunn,USA,6-3,205,Guard,2016.0,2023.0,1,0,0,2022-23
201142,Kevin,Durant,USA,6-10,240,Forward,2007.0,2023.0,0,1,0,2021-22
201142,Kevin,Durant,USA,6-10,240,Forward,2007.0,2023.0,0,1,0,2022-23
1631105,Jalen,Duren,USA,6-11,250,Center,2022.0,2023.0,0,0,1,2021-22
1631105,Jalen,Duren,USA,6-11,250,Center,2022.0,2023.0,0,0,1,2022-23
1631106,Tari,Eason,USA,6-8,215,Forward,2022.0,2023.0,0,1,0,2021-22
1631106,Tari,Eason,USA,6-8,215,Forward,2022.0,2023.0,0,1,0,2022-23
1630693,Jaime,Echenique,Colombia,6-10,258,Center,2021.0,2021.0,0,0,1,2021-22
1630162,Anthony,Edwards,USA,6-4,225,Guard,2020.0,2023.0,1,0,0,2021-22
1630162,Anthony,Edwards,USA,6-4,225,Guard,2020.0,2023.0,1,0,0,2022-23
1629035,Carsen,Edwards,USA,5-11,200,Guard,2019.0,2021.0,1,0,0,2021-22
1630556,Kessler,Edwards,USA,6-7,203,Forward,2021.0,2023.0,0,1,0,2021-22
1630556,Kessler,Edwards,USA,6-7,203,Forward,2021.0,2023.0,0,1,0,2022-23
1630306,Rob,Edwards,USA,6-5,205,Guard,2021.0,2021.0,1,0,0,2021-22
1629604,CJ,Elleby,USA,6-6,200,Forward-Guard,2020.0,2021.0,1,1,0,2021-22
201961,Wayne,Ellington,USA,6-4,207,Guard,2009.0,2021.0,1,0,0,2021-22
1631165,Keon,Ellis,USA,6-3,175,Guard,2022.0,2023.0,1,0,0,2021-22
1631165,Keon,Ellis,USA,6-3,175,Guard,2022.0,2023.0,1,0,0,2022-23
1629234,Drew,Eubanks,USA,6-10,245,Forward-Center,2018.0,2023.0,0,1,1,2021-22
1629234,Drew,Eubanks,USA,6-10,245,Forward-Center,2018.0,2023.0,0,1,1,2022-23
202324,Derrick,Favors,USA,6-9,265,Forward,2010.0,2021.0,0,1,0,2021-22
1628981,Bruno,Fernando,Angola,6-10,240,Forward-Center,2019.0,2023.0,0,1,1,2021-22
1628981,Bruno,Fernando,Angola,6-10,240,Forward-Center,2019.0,2023.0,0,1,1,2022-23
1627827,Dorian,Finney-Smith,USA,6-7,220,Forward,2016.0,2023.0,0,1,0,2021-22
1627827,Dorian,Finney-Smith,USA,6-7,220,Forward,2016.0,2023.0,0,1,0,2022-23
1630201,Malachi,Flynn,USA,6-1,175,Guard,2020.0,2023.0,1,0,0,2021-22
1630201,Malachi,Flynn,USA,6-1,175,Guard,2020.0,2023.0,1,0,0,2022-23
1631323,Simone,Fontecchio,Italy,6-7,209,Forward,2022.0,2023.0,0,1,0,2021-22
1631323,Simone,Fontecchio,Italy,6-7,209,Forward,2022.0,2023.0,0,1,0,2022-23
1627854,Bryn,Forbes,USA,6-2,205,Guard,2016.0,2022.0,1,0,0,2021-22
1627854,Bryn,Forbes,USA,6-2,205,Guard,2016.0,2022.0,1,0,0,2022-23
1630758,Aleem,Ford,USA,6-8,220,Forward,2021.0,2021.0,0,1,0,2021-22
1630235,Trent,Forrest,USA,6-4,210,Guard,2020.0,2023.0,1,0,0,2021-22
1630235,Trent,Forrest,USA,6-4,210,Guard,2020.0,2023.0,1,0,0,2022-23
1630701,Michael,Foster Jr.,USA,6-8,250,Forward,2022.0,2022.0,0,1,0,2021-22
1630701,Michael,Foster Jr.,USA,6-8,250,Forward,2022.0,2022.0,0,1,0,2022-23
203095,Evan,Fournier,France,6-6,205,Guard-Forward,2012.0,2023.0,1,1,0,2021-22
203095,Evan,Fournier,France,6-6,205,Guard-Forward,2012.0,2023.0,1,1,0,2022-23
1628368,De'Aaron,Fox,USA,6-3,185,Guard,2017.0,2023.0,1,0,0,2021-22
1628368,De'Aaron,Fox,USA,6-3,185,Guard,2017.0,2023.0,1,0,0,2022-23
202683,Enes,Freedom,Turkey,6-10,250,Center,2011.0,2021.0,0,0,1,2021-22
1628365,Markelle,Fultz,USA,6-4,209,Guard,2017.0,2023.0,1,0,0,2021-22
1628365,Markelle,Fultz,USA,6-4,209,Guard,2017.0,2023.0,1,0,0,2022-23
1629117,Wenyen,Gabriel,South Sudan,6-9,205,Forward,2018.0,2023.0,0,1,0,2021-22
1629117,Wenyen,Gabriel,South Sudan,6-9,205,Forward,2018.0,2023.0,0,1,0,2022-23
1629655,Daniel,Gafford,USA,6-10,234,Forward-Center,2019.0,2023.0,0,1,1,2021-22
1629655,Daniel,Gafford,USA,6-10,234,Forward-Center,2019.0,2023.0,0,1,1,2022-23
201568,Danilo,Gallinari,Italy,6-10,236,Forward,2008.0,2023.0,0,1,0,2021-22
201568,Danilo,Gallinari,Italy,6-10,236,Forward,2008.0,2023.0,0,1,0,2022-23
204038,Langston,Galloway,USA,6-1,200,Guard,2014.0,2021.0,1,0,0,2021-22
1630568,Luka,Garza,USA,6-10,243,Center,2021.0,2023.0,0,0,1,2021-22
1630568,Luka,Garza,USA,6-10,243,Center,2021.0,2023.0,0,0,1,2022-23
200752,Rudy,Gay,USA,6-8,250,Forward-Guard,2006.0,2023.0,1,1,0,2021-22
200752,Rudy,Gay,USA,6-8,250,Forward-Guard,2006.0,2023.0,1,1,0,2022-23
202331,Paul,George,USA,6-8,220,Forward,2010.0,2023.0,0,1,0,2021-22
202331,Paul,George,USA,6-8,220,Forward,2010.0,2023.0,0,1,0,2022-23
201959,Taj,Gibson,USA,6-9,232,Forward,2009.0,2023.0,0,1,0,2021-22
201959,Taj,Gibson,USA,6-9,232,Forward,2009.0,2023.0,0,1,0,2022-23
1630581,Josh,Giddey,Australia,6-8,216,Guard,2021.0,2023.0,1,0,0,2021-22
1630581,Josh,Giddey,Australia,6-8,216,Guard,2021.0,2023.0,1,0,0,2022-23
1630264,Anthony,Gill,USA,6-8,230,Forward,2020.0,2023.0,0,1,0,2021-22
1630264,Anthony,Gill,USA,6-8,230,Forward,2020.0,2023.0,0,1,0,2022-23
1631221,Collin,Gillespie,USA,6-1,195,Guard,2022.0,2023.0,1,0,0,2021-22
1631221,Collin,Gillespie,USA,6-1,195,Guard,2022.0,2023.0,1,0,0,2022-23
1630273,Freddie,Gillespie,USA,6-9,245,Center,2020.0,2021.0,0,0,1,2021-22
203497,Rudy,Gobert,France,7-1,258,Center,2013.0,2023.0,0,0,1,2021-22
203497,Rudy,Gobert,France,7-1,258,Center,2013.0,2023.0,0,0,1,2022-23
1629164,Brandon,Goodwin,USA,6-0,180,Guard,2018.0,2021.0,1,0,0,2021-22
1630692,Jordan,Goodwin,USA,6-3,200,Guard,2021.0,2023.0,1,0,0,2021-22
1630692,Jordan,Goodwin,USA,6-3,200,Guard,2021.0,2023.0,1,0,0,2022-23
201569,Eric,Gordon,USA,6-3,215,Guard,2008.0,2022.0,1,0,0,2021-22
201569,Eric,Gordon,USA,6-3,215,Guard,2008.0,2022.0,1,0,0,2022-23
1629755,Hassani,Gravett,USA,6-2,187,Guard,2021.0,2021.0,1,0,0,2021-22
203110,Draymond,Green,USA,6-6,230,Forward,2012.0,2023.0,0,1,0,2021-22
203110,Draymond,Green,USA,6-6,230,Forward,2012.0,2023.0,0,1,0,2022-23
203210,JaMychal,Green,USA,6-9,227,Forward-Center,2014.0,2023.0,0,1,1,2021-22
203210,JaMychal,Green,USA,6-9,227,Forward-Center,2014.0,2023.0,0,1,1,2022-23
1630224,Jalen,Green,USA,6-4,186,Guard,2021.0,2023.0,1,0,0,2021-22
1630224,Jalen,Green,USA,6-4,186,Guard,2021.0,2023.0,1,0,0,2022-23
1629750,Javonte,Green,USA,6-5,205,Guard,2019.0,2023.0,1,0,0,2021-22
1629750,Javonte,Green,USA,6-5,205,Guard,2019.0,2023.0,1,0,0,2022-23
201145,Jeff,Green,USA,6-8,235,Forward,2007.0,2023.0,0,1,0,2021-22
201145,Jeff,Green,USA,6-8,235,Forward,2007.0,2023.0,0,1,0,2022-23
1630182,Josh,Green,Australia,6-7,200,Guard,2020.0,2023.0,1,0,0,2021-22
1630182,Josh,Green,Australia,6-7,200,Guard,2020.0,2023.0,1,0,0,2022-23
1631100,AJ,Griffin,USA,6-6,220,Forward,2022.0,2023.0,0,1,0,2021-22
1631100,AJ,Griffin,USA,6-6,220,Forward,2022.0,2023.0,0,1,0,2022-23
1629656,Quentin,Grimes,USA,6-5,210,Guard,2021.0,2023.0,1,0,0,2021-22
1629656,Quentin,Grimes,USA,6-5,210,Guard,2021.0,2023.0,1,0,0,2022-23
1629060,Rui,Hachimura,Japan,6-8,230,Forward,2019.0,2023.0,0,1,0,2021-22
1629060,Rui,Hachimura,Japan,6-8,230,Forward,2019.0,2023.0,0,1,0,2022-23
1630169,Tyrese,Haliburton,USA,6-5,185,Guard,2020.0,2023.0,1,0,0,2021-22
1630169,Tyrese,Haliburton,USA,6-5,185,Guard,2020.0,2023.0,1,0,0,2022-23
1631160,Jordan,Hall,USA,6-7,215,Guard,2022.0,2022.0,1,0,0,2021-22
1631160,Jordan,Hall,USA,6-7,215,Guard,2022.0,2022.0,1,0,0,2022-23
1629788,Tyler,Hall,USA,6-5,209,Guard,2021.0,2021.0,1,0,0,2021-22
1630181,R.J.,Hampton,USA,6-4,175,Guard,2020.0,2022.0,1,0,0,2021-22
1630181,R.J.,Hampton,USA,6-4,175,Guard,2020.0,2022.0,1,0,0,2022-23
203501,Tim,Hardaway Jr.,USA,6-5,205,Guard-Forward,2013.0,2023.0,1,1,0,2021-22
203501,Tim,Hardaway Jr.,USA,6-5,205,Guard-Forward,2013.0,2023.0,1,1,0,2022-23
201935,James,Harden,USA,6-5,220,Guard,2009.0,2023.0,1,0,0,2021-22
201935,James,Harden,USA,6-5,220,Guard,2009.0,2023.0,1,0,0,2022-23
1630702,Jaden,Hardy,USA,6-3,198,Guard,2021.0,2023.0,1,0,0,2021-22
1630702,Jaden,Hardy,USA,6-3,198,Guard,2021.0,2023.0,1,0,0,2022-23
1629607,Jared,Harper,USA,5-10,175,Guard,2019.0,2021.0,1,0,0,2021-22
1631199,Ron,Harper Jr.,USA,6-5,245,Forward,2022.0,2023.0,0,1,0,2021-22
1631199,Ron,Harper Jr.,USA,6-5,245,Forward,2022.0,2023.0,0,1,0,2022-23
203914,Gary,Harris,USA,6-4,210,Guard,2014.0,2023.0,1,0,0,2021-22
203914,Gary,Harris,USA,6-4,210,Guard,2014.0,2023.0,1,0,0,2022-23
203925,Joe,Harris,USA,6-6,220,Guard-Forward,2014.0,2023.0,1,1,0,2021-22
203925,Joe,Harris,USA,6-6,220,Guard-Forward,2014.0,2023.0,1,1,0,2022-23
1630284,Kevon,Harris,USA,6-6,216,Guard,2022.0,2023.0,1,0,0,2021-22
1630284,Kevon,Harris,USA,6-6,216,Guard,2022.0,2023.0,1,0,0,2022-23
1628404,Josh,Hart,USA,6-4,215,Guard,2017.0,2023.0,1,0,0,2021-22
1628404,Josh,Hart,USA,6-4,215,Guard,2017.0,2023.0,1,0,0,2022-23
1628392,Isaiah,Hartenstein,Germany,7-0,250,Center-Forward,2018.0,2023.0,0,1,1,2021-22
1628392,Isaiah,Hartenstein,Germany,7-0,250,Center-Forward,2018.0,2023.0,0,1,1,2022-23
2617,Udonis,Haslem,USA,6-7,235,Forward,2003.0,2023.0,0,1,0,2021-22
2617,Udonis,Haslem,USA,6-7,235,Forward,2003.0,2023.0,0,1,0,2022-23
1630573,Sam,Hauser,USA,6-7,217,Forward,2021.0,2023.0,0,1,0,2021-22
1630573,Sam,Hauser,USA,6-7,217,Forward,2021.0,2023.0,0,1,0,2022-23
1630165,Killian,Hayes,France,6-5,195,Guard,2020.0,2023.0,1,0,0,2021-22
1630165,Killian,Hayes,France,6-5,195,Guard,2020.0,2023.0,1,0,0,2022-23
1630565,Aaron,Henry,USA,6-5,210,Forward,2021.0,2021.0,0,1,0,2021-22
1629312,Haywood,Highsmith,USA,6-5,220,Forward,2018.0,2023.0,0,1,0,2021-22
1629312,Haywood,Highsmith,USA,6-5,220,Forward,2018.0,2023.0,0,1,0,2022-23
201588,George,Hill,USA,6-4,188,Guard,2008.0,2023.0,1,0,0,2021-22
201588,George,Hill,USA,6-4,188,Guard,2008.0,2023.0,1,0,0,2022-23
1630792,Malcolm,Hill,USA,6-6,220,Forward,2021.0,2022.0,0,1,0,2021-22
1630792,Malcolm,Hill,USA,6-6,220,Forward,2021.0,2022.0,0,1,0,2022-23
203524,Solomon,Hill,USA,6-6,226,Forward,2013.0,2021.0,0,1,0,2021-22
1630207,Nate,Hinton,USA,6-5,210,Guard-Forward,2020.0,2021.0,1,1,0,2021-22
1629658,Jaylen,Hoard,France,6-8,216,Forward,2019.0,2021.0,0,1,0,2021-22
203200,Justin,Holiday,USA,6-6,180,Forward-Guard,2012.0,2023.0,1,1,0,2021-22
203200,Justin,Holiday,USA,6-6,180,Forward-Guard,2012.0,2023.0,1,1,0,2022-23
1626158,Richaun,Holmes,USA,6-8,235,Forward,2015.0,2023.0,0,1,0,2021-22
1626158,Richaun,Holmes,USA,6-8,235,Forward,2015.0,2023.0,0,1,0,2022-23
1631096,Chet,Holmgren,USA,7-1,195,Center-Forward,2022.0,2023.0,0,1,1,2021-22
1631096,Chet,Holmgren,USA,7-1,195,Center-Forward,2022.0,2023.0,0,1,1,2022-23
203918,Rodney,Hood,USA,6-8,208,Guard-Forward,2014.0,2021.0,1,1,0,2021-22
203816,Scotty,Hopson,USA,6-7,204,Guard-Forward,2013.0,2021.0,1,1,0,2021-22
1627863,Danuel,House Jr.,USA,6-6,220,Forward-Guard,2016.0,2023.0,1,1,0,2021-22
1627863,Danuel,House Jr.,USA,6-6,220,Forward-Guard,2016.0,2023.0,1,1,0,2022-23
2730,Dwight,Howard,USA,6-10,265,Center-Forward,2004.0,2021.0,0,1,1,2021-22
1630210,Markus,Howard,USA,5-10,175,Guard,2020.0,2021.0,1,0,0,2021-22
1631309,Trevor,Hudgins,USA,6-0,180,Guard,2022.0,2023.0,1,0,0,2021-22
1631309,Trevor,Hudgins,USA,6-0,180,Guard,2022.0,2023.0,1,0,0,2022-23
1630624,Feron,Hunt,USA,6-8,195,Forward,2021.0,2021.0,0,1,0,2021-22
1629631,De'Andre,Hunter,USA,6-8,221,Forward-Guard,2019.0,2023.0,1,1,0,2021-22
1629631,De'Andre,Hunter,USA,6-8,221,Forward-Guard,2019.0,2023.0,1,1,0,2022-23
1630538,Bones,Hyland,USA,6-2,169,Guard,2021.0,2023.0,1,0,0,2021-22
1630538,Bones,Hyland,USA,6-2,169,Guard,2021.0,2023.0,1,0,0,2022-23
2738,Andre,Iguodala,USA,6-6,215,Guard-Forward,2004.0,2023.0,1,1,0,2021-22
2738,Andre,Iguodala,USA,6-6,215,Guard-Forward,2004.0,2023.0,1,1,0,2022-23
202681,Kyrie,Irving,Australia,6-2,195,Guard,2011.0,2023.0,1,0,0,2021-22
202681,Kyrie,Irving,Australia,6-2,195,Guard,2011.0,2023.0,1,0,0,2022-23
1628371,Jonathan,Isaac,USA,6-10,230,Forward,2017.0,2023.0,0,1,0,2021-22
1628371,Jonathan,Isaac,USA,6-10,230,Forward,2017.0,2023.0,0,1,0,2022-23
1631093,Jaden,Ivey,USA,6-4,195,Guard,2022.0,2023.0,1,0,0,2021-22
1631093,Jaden,Ivey,USA,6-4,195,Guard,2022.0,2023.0,1,0,0,2022-23
1628367,Josh,Jackson,USA,6-8,207,Guard-Forward,2017.0,2021.0,1,1,0,2021-22
1631245,Quenton,Jackson,USA,6-5,173,Guard,2022.0,2023.0,1,0,0,2021-22
1631245,Quenton,Jackson,USA,6-5,173,Guard,2022.0,2023.0,1,0,0,2022-23
1628991,Jaren,Jackson Jr.,USA,6-10,242,Forward-Center,2018.0,2023.0,0,1,1,2021-22
1628991,Jaren,Jackson Jr.,USA,6-10,242,Forward-Center,2018.0,2023.0,0,1,1,2022-23
1629660,Ty,Jerome,USA,6-5,195,Guard-Forward,2019.0,2023.0,1,1,0,2021-22
1629660,Ty,Jerome,USA,6-5,195,Guard-Forward,2019.0,2023.0,1,1,0,2022-23
1628993,Alize,Johnson,USA,6-8,212,Forward,2018.0,2022.0,0,1,0,2021-22
1628993,Alize,Johnson,USA,6-8,212,Forward,2018.0,2022.0,0,1,0,2022-23
1629168,BJ,Johnson,USA,6-6,200,Forward,2018.0,2021.0,0,1,0,2021-22
1629661,Cameron,Johnson,USA,6-8,210,Forward,2019.0,2023.0,0,1,0,2021-22
1629661,Cameron,Johnson,USA,6-8,210,Forward,2019.0,2023.0,0,1,0,2022-23
2207,Joe,Johnson,USA,6-7,240,Guard-Forward,2001.0,2021.0,1,1,0,2021-22
1629640,Keldon,Johnson,USA,6-5,220,Forward-Guard,2019.0,2023.0,1,1,0,2021-22
1629640,Keldon,Johnson,USA,6-5,220,Forward-Guard,2019.0,2023.0,1,1,0,2022-23
1630553,Keon,Johnson,USA,6-3,185,Guard,2021.0,2023.0,1,0,0,2021-22
1630553,Keon,Johnson,USA,6-3,185,Guard,2021.0,2023.0,1,0,0,2022-23
1626169,Stanley,Johnson,USA,6-6,242,Forward-Guard,2015.0,2022.0,1,1,0,2021-22
1626169,Stanley,Johnson,USA,6-6,242,Forward-Guard,2015.0,2022.0,1,1,0,2022-23
204020,Tyler,Johnson,USA,6-3,186,Guard,2014.0,2021.0,1,0,0,2021-22
203999,Nikola,Jokic,Serbia,6-11,284,Center,2015.0,2023.0,0,0,1,2021-22
203999,Nikola,Jokic,Serbia,6-11,284,Center,2015.0,2023.0,0,0,1,2022-23
1627745,Damian,Jones,USA,6-11,245,Center,2016.0,2023.0,0,0,1,2021-22
1627745,Damian,Jones,USA,6-11,245,Center,2016.0,2023.0,0,0,1,2022-23
1630529,Herbert,Jones,USA,6-7,206,Forward,2021.0,2023.0,0,1,0,2021-22
1630529,Herbert,Jones,USA,6-7,206,Forward,2021.0,2023.0,0,1,0,2022-23
1629203,Jemerrio,Jones,USA,6-5,175,Forward,2018.0,2021.0,0,1,0,2021-22
1630222,Mason,Jones,USA,6-4,200,Guard,2020.0,2021.0,1,0,0,2021-22
1627884,Derrick,Jones Jr.,USA,6-6,210,Forward,2016.0,2023.0,0,1,0,2021-22
1627884,Derrick,Jones Jr.,USA,6-6,210,Forward,2016.0,2023.0,0,1,0,2022-23
202709,Cory,Joseph,Canada,6-3,200,Guard,2011.0,2023.0,1,0,0,2021-22
202709,Cory,Joseph,Canada,6-3,200,Guard,2011.0,2023.0,1,0,0,2022-23
1630548,Johnny,Juzang,USA,6-6,209,Guard,2022.0,2023.0,1,0,0,2021-22
1630548,Johnny,Juzang,USA,6-6,209,Guard,2022.0,2023.0,1,0,0,2022-23
1629662,Mfiondu,Kabengele,Canada,6-10,250,Center,2019.0,2023.0,0,0,1,2021-22
1629662,Mfiondu,Kabengele,Canada,6-10,250,Center,2019.0,2023.0,0,0,1,2022-23
1630686,Georgios,Kalaitzakis,Greece,6-7,192,Forward,2021.0,2021.0,0,1,0,2021-22
1626163,Frank,Kaminsky,USA,7-0,240,Forward-Center,2015.0,2023.0,0,1,1,2021-22
1626163,Frank,Kaminsky,USA,7-0,240,Forward-Center,2015.0,2023.0,0,1,1,2022-23
1631211,Trevor,Keels,USA,6-4,221,Guard,2022.0,2023.0,1,0,0,2021-22
1631211,Trevor,Keels,USA,6-4,221,Guard,2022.0,2023.0,1,0,0,2022-23
1628379,Luke,Kennard,USA,6-5,206,Guard,2017.0,2023.0,1,0,0,2021-22
1628379,Luke,Kennard,USA,6-5,206,Guard,2017.0,2023.0,1,0,0,2022-23
1631117,Walker,Kessler,USA,7-0,245,Center,2022.0,2023.0,0,0,1,2021-22
1631117,Walker,Kessler,USA,7-0,245,Center,2022.0,2023.0,0,0,1,2022-23
1630296,Braxton,Key,USA,6-8,225,Forward,2021.0,2022.0,0,1,0,2021-22
1630296,Braxton,Key,USA,6-8,225,Forward,2021.0,2022.0,0,1,0,2022-23
1629663,Louis,King,USA,6-7,205,Forward,2019.0,2023.0,0,1,0,2021-22
1629663,Louis,King,USA,6-7,205,Forward,2019.0,2023.0,0,1,0,2022-23
1630557,Corey,Kispert,USA,6-6,224,Forward,2021.0,2023.0,0,1,0,2021-22
1630557,Corey,Kispert,USA,6-6,224,Forward,2021.0,2023.0,0,1,0,2022-23
202688,Brandon,Knight,USA,6-2,182,Guard,2011.0,2021.0,1,0,0,2021-22
1630233,Nathan,Knight,USA,6-8,253,Forward-Center,2020.0,2023.0,0,1,1,2021-22
1630233,Nathan,Knight,USA,6-8,253,Forward-Center,2020.0,2023.0,0,1,1,2022-23
1628995,Kevin,Knox II,USA,6-7,215,Forward,2018.0,2023.0,0,1,0,2021-22
1628995,Kevin,Knox II,USA,6-7,215,Forward,2018.0,2023.0,0,1,0,2022-23
1629723,John,Konchar,USA,6-5,210,Guard,2019.0,2023.0,1,0,0,2021-22
1629723,John,Konchar,USA,6-5,210,Guard,2019.0,2023.0,1,0,0,2022-23
1627788,Furkan,Korkmaz,Turkey,6-7,202,Guard-Forward,2017.0,2023.0,1,1,0,2021-22
1627788,Furkan,Korkmaz,Turkey,6-7,202,Guard-Forward,2017.0,2023.0,1,1,0,2022-23
1628436,Luke,Kornet,USA,7-2,250,Center-Forward,2017.0,2023.0,0,1,1,2021-22
1628436,Luke,Kornet,USA,7-2,250,Center-Forward,2017.0,2023.0,0,1,1,2022-23
1630249,Vit,Krejci,Czech Republic,6-8,195,Guard,2021.0,2023.0,1,0,0,2021-22
1630249,Vit,Krejci,Czech Republic,6-8,195,Guard,2021.0,2023.0,1,0,0,2022-23
1629083,Arnoldas,Kulboka,Lithuania,6-10,209,Forward,2021.0,2021.0,0,1,0,2021-22
1631222,Jake,LaRavia,USA,6-7,235,Forward,2022.0,2023.0,0,1,0,2021-22
1631222,Jake,LaRavia,USA,6-7,235,Forward,2022.0,2023.0,0,1,0,2022-23
1630237,Anthony,Lamb,USA,6-6,227,Forward,2020.0,2023.0,0,1,0,2021-22
1630237,Anthony,Lamb,USA,6-6,227,Forward,2020.0,2023.0,0,1,0,2022-23
203087,Jeremy,Lamb,USA,6-5,180,Guard-Forward,2012.0,2021.0,1,1,0,2021-22
1629111,Jock,Landale,Australia,6-11,255,Center,2021.0,2023.0,0,0,1,2021-22
1629111,Jock,Landale,Australia,6-11,255,Center,2021.0,2023.0,0,0,1,2022-23
1629641,Romeo,Langford,USA,6-5,216,Guard-Forward,2019.0,2023.0,1,1,0,2021-22
1629641,Romeo,Langford,USA,6-5,216,Guard-Forward,2019.0,2023.0,1,1,0,2022-23
1630639,A.J.,Lawson,Canada,6-6,179,Guard,2022.0,2023.0,1,0,0,2021-22
1630639,A.J.,Lawson,Canada,6-6,179,Guard,2022.0,2023.0,1,0,0,2022-23
1627814,Damion,Lee,USA,6-5,210,Guard-Forward,2017.0,2023.0,1,1,0,2021-22
1627814,Damion,Lee,USA,6-5,210,Guard-Forward,2017.0,2023.0,1,1,0,2022-23
203458,Alex,Len,Ukraine,7-2,250,Center,2013.0,2023.0,0,0,1,2021-22
203458,Alex,Len,Ukraine,7-2,250,Center,2013.0,2023.0,0,0,1,2022-23
203086,Meyers,Leonard,USA,7-0,260,Forward-Center,2012.0,2023.0,0,1,1,2021-22
203086,Meyers,Leonard,USA,7-0,260,Forward-Center,2012.0,2023.0,0,1,1,2022-23
1631171,Justin,Lewis,USA,6-7,245,Forward,2022.0,2023.0,0,1,0,2021-22
1631171,Justin,Lewis,USA,6-7,245,Forward,2022.0,2023.0,0,1,0,2022-23
1630575,Scottie,Lewis,USA,6-5,185,Guard,2021.0,2021.0,1,0,0,2021-22
1630184,Kira,Lewis Jr.,USA,6-1,170,Guard,2020.0,2023.0,1,0,0,2021-22
1630184,Kira,Lewis Jr.,USA,6-1,170,Guard,2020.0,2023.0,1,0,0,2022-23
1630604,E.J.,Liddell,USA,6-6,240,Forward,2022.0,2023.0,0,1,0,2021-22
1630604,E.J.,Liddell,USA,6-6,240,Forward,2022.0,2023.0,0,1,0,2022-23
203081,Damian,Lillard,USA,6-2,195,Guard,2012.0,2023.0,1,0,0,2021-22
203081,Damian,Lillard,USA,6-2,195,Guard,2012.0,2023.0,1,0,0,2022-23
1630587,Isaiah,Livers,USA,6-6,232,Forward,2021.0,2023.0,0,1,0,2021-22
1630587,Isaiah,Livers,USA,6-6,232,Forward,2021.0,2023.0,0,1,0,2022-23
1631254,Kenneth,Lofton Jr.,USA,6-6,275,Forward,2022.0,2023.0,0,1,0,2021-22
1631254,Kenneth,Lofton Jr.,USA,6-6,275,Forward,2022.0,2023.0,0,1,0,2022-23
201572,Brook,Lopez,USA,7-1,282,Center,2008.0,2023.0,0,0,1,2021-22
201572,Brook,Lopez,USA,7-1,282,Center,2008.0,2023.0,0,0,1,2022-23
201577,Robin,Lopez,USA,7-0,281,Center,2008.0,2023.0,0,0,1,2021-22
201577,Robin,Lopez,USA,7-0,281,Center,2008.0,2023.0,0,0,1,2022-23
1629712,Didi,Louzada,Brazil,6-5,188,Guard,2020.0,2021.0,1,0,0,2021-22
200768,Kyle,Lowry,USA,6-0,196,Guard,2006.0,2023.0,1,0,0,2021-22
200768,Kyle,Lowry,USA,6-0,196,Guard,2006.0,2023.0,1,0,0,2022-23
1630994,Gabriel,Lundberg,Denmark,6-4,203,Guard,2021.0,2021.0,1,0,0,2021-22
1627789,Timothe,Luwawu-Cabarrot,France,6-7,215,Guard-Forward,2016.0,2021.0,1,1,0,2021-22
1626168,Trey,Lyles,Canada,6-9,234,Forward,2015.0,2023.0,0,1,0,2021-22
1626168,Trey,Lyles,Canada,6-9,234,Forward,2015.0,2023.0,0,1,0,2022-23
1630177,Theo,Maledon,France,6-5,175,Guard,2020.0,2023.0,1,0,0,2021-22
1630177,Theo,Maledon,France,6-5,175,Guard,2020.0,2023.0,1,0,0,2022-23
1630572,Sandro,Mamukelashvili,Georgia,6-10,240,Forward-Center,2021.0,2023.0,0,1,1,2021-22
1630572,Sandro,Mamukelashvili,Georgia,6-10,240,Forward-Center,2021.0,2023.0,0,1,1,2022-23
1630544,Tre,Mann,USA,6-3,178,Guard,2021.0,2023.0,1,0,0,2021-22
1630544,Tre,Mann,USA,6-3,178,Guard,2021.0,2023.0,1,0,0,2022-23
1628374,Lauri,Markkanen,Finland,7-0,240,Forward-Center,2017.0,2023.0,0,1,1,2021-22
1628374,Lauri,Markkanen,Finland,7-0,240,Forward-Center,2017.0,2023.0,0,1,1,2022-23
1630230,Naji,Marshall,USA,6-7,220,Forward,2020.0,2023.0,0,1,0,2021-22
1630230,Naji,Marshall,USA,6-7,220,Forward,2020.0,2023.0,0,1,0,2022-23
1628997,Caleb,Martin,USA,6-5,205,Forward,2019.0,2023.0,0,1,0,2021-22
1628997,Caleb,Martin,USA,6-5,205,Forward,2019.0,2023.0,0,1,0,2022-23
1628998,Cody,Martin,USA,6-6,205,Forward,2019.0,2023.0,0,1,0,2021-22
1628998,Cody,Martin,USA,6-6,205,Forward,2019.0,2023.0,0,1,0,2022-23
1629103,Kelan,Martin,USA,6-5,230,Forward,2019.0,2021.0,0,1,0,2021-22
1631213,Tyrese,Martin,USA,6-6,215,Guard,2022.0,2023.0,1,0,0,2021-22
1631213,Tyrese,Martin,USA,6-6,215,Guard,2022.0,2023.0,1,0,0,2022-23
1630231,Kenyon,Martin Jr.,USA,6-7,215,Forward,2020.0,2023.0,0,1,0,2021-22
1630231,Kenyon,Martin Jr.,USA,6-7,215,Forward,2020.0,2023.0,0,1,0,2022-23
1629726,Garrison,Mathews,USA,6-6,215,Guard,2019.0,2023.0,1,0,0,2021-22
1629726,Garrison,Mathews,USA,6-6,215,Guard,2019.0,2023.0,1,0,0,2022-23
1631097,Bennedict,Mathurin,Canada,6-5,210,Guard-Forward,2022.0,2023.0,1,1,0,2021-22
1631097,Bennedict,Mathurin,Canada,6-5,210,Guard-Forward,2022.0,2023.0,1,1,0,2022-23
1630178,Tyrese,Maxey,USA,6-2,200,Guard,2020.0,2023.0,1,0,0,2021-22
1630178,Tyrese,Maxey,USA,6-2,200,Guard,2020.0,2023.0,1,0,0,2022-23
1630219,Skylar,Mays,USA,6-4,205,Guard,2020.0,2022.0,1,0,0,2021-22
1630219,Skylar,Mays,USA,6-4,205,Guard,2020.0,2022.0,1,0,0,2022-23
1630540,Miles,McBride,USA,6-2,195,Guard,2021.0,2023.0,1,0,0,2021-22
1630540,Miles,McBride,USA,6-2,195,Guard,2021.0,2023.0,1,0,0,2022-23
1630644,Mac,McClung,USA,6-2,185,Guard,2021.0,2023.0,1,0,0,2021-22
1630644,Mac,McClung,USA,6-2,185,Guard,2021.0,2023.0,1,0,0,2022-23
204456,T.J.,McConnell,USA,6-1,190,Guard,2015.0,2023.0,1,0,0,2021-22
204456,T.J.,McConnell,USA,6-1,190,Guard,2015.0,2023.0,1,0,0,2022-23
1630183,Jaden,McDaniels,USA,6-9,185,Forward,2020.0,2023.0,0,1,0,2021-22
1630183,Jaden,McDaniels,USA,6-9,185,Forward,2020.0,2023.0,0,1,0,2022-23
1629667,Jalen,McDaniels,USA,6-9,205,Forward-Center,2019.0,2023.0,0,1,1,2021-22
1629667,Jalen,McDaniels,USA,6-9,205,Forward-Center,2019.0,2023.0,0,1,1,2022-23
203926,Doug,McDermott,USA,6-6,225,Forward,2014.0,2023.0,0,1,0,2021-22
203926,Doug,McDermott,USA,6-6,225,Forward,2014.0,2023.0,0,1,0,2022-23
201580,JaVale,McGee,USA,7-0,270,Center-Forward,2008.0,2023.0,0,1,1,2021-22
201580,JaVale,McGee,USA,7-0,270,Center-Forward,2008.0,2023.0,0,1,1,2022-23
1631121,Bryce,McGowens,USA,6-6,175,Guard,2022.0,2023.0,1,0,0,2021-22
1631121,Bryce,McGowens,USA,6-6,175,Guard,2022.0,2023.0,1,0,0,2022-23
1630787,Cameron,McGriff,USA,6-7,220,Forward,2021.0,2021.0,0,1,0,2021-22
203585,Rodney,McGruder,USA,6-4,205,Guard,2016.0,2023.0,1,0,0,2021-22
203585,Rodney,McGruder,USA,6-4,205,Guard,2016.0,2023.0,1,0,0,2022-23
1628035,Alfonzo,McKinnie,USA,6-7,215,Forward,2017.0,2021.0,0,1,0,2021-22
1630605,JaQuori,McLaughlin,USA,6-4,190,Guard,2021.0,2021.0,1,0,0,2021-22
1629162,Jordan,McLaughlin,USA,6-0,185,Guard,2019.0,2023.0,1,0,0,2021-22
1629162,Jordan,McLaughlin,USA,6-0,185,Guard,2019.0,2023.0,1,0,0,2022-23
203463,Ben,McLemore,USA,6-3,195,Guard,2013.0,2021.0,1,0,0,2021-22
1629001,De'Anthony,Melton,USA,6-2,200,Guard,2018.0,2023.0,1,0,0,2021-22
1629001,De'Anthony,Melton,USA,6-2,200,Guard,2018.0,2023.0,1,0,0,2022-23
1630241,Sam,Merrill,USA,6-4,205,Guard,2020.0,2023.0,1,0,0,2021-22
1630241,Sam,Merrill,USA,6-4,205,Guard,2020.0,2023.0,1,0,0,2022-23
1629002,Chimezie,Metu,USA,6-9,225,Forward-Center,2018.0,2023.0,0,1,1,2021-22
1629002,Chimezie,Metu,USA,6-9,225,Forward-Center,2018.0,2023.0,0,1,1,2022-23
203114,Khris,Middleton,USA,6-7,222,Forward,2012.0,2023.0,0,1,0,2021-22
203114,Khris,Middleton,USA,6-7,222,Forward,2012.0,2023.0,0,1,0,2022-23
101139,CJ,Miles,USA,6-6,220,Guard,2005.0,2021.0,1,0,0,2021-22
201988,Patty,Mills,Australia,6-0,180,Guard,2009.0,2023.0,1,0,0,2021-22
201988,Patty,Mills,Australia,6-0,180,Guard,2009.0,2023.0,1,0,0,2022-23
1629003,Shake,Milton,USA,6-5,205,Guard-Forward,2018.0,2023.0,1,1,0,2021-22
1629003,Shake,Milton,USA,6-5,205,Guard-Forward,2018.0,2023.0,1,1,0,2022-23
1630558,Davion,Mitchell,USA,6-0,202,Guard,2021.0,2023.0,1,0,0,2021-22
1630558,Davion,Mitchell,USA,6-0,202,Guard,2021.0,2023.0,1,0,0,2022-23
1628378,Donovan,Mitchell,USA,6-1,215,Guard,2017.0,2023.0,1,0,0,2021-22
1628378,Donovan,Mitchell,USA,6-1,215,Guard,2017.0,2023.0,1,0,0,2022-23
1630596,Evan,Mobley,USA,6-11,215,Center,2021.0,2023.0,0,0,1,2021-22
1630596,Evan,Mobley,USA,6-11,215,Center,2021.0,2023.0,0,0,1,2022-23
1630600,Isaiah,Mobley,USA,6-8,238,Forward,2022.0,2023.0,0,1,0,2021-22
1630600,Isaiah,Mobley,USA,6-8,238,Forward,2022.0,2023.0,0,1,0,2022-23
1628370,Malik,Monk,USA,6-3,200,Guard,2017.0,2023.0,1,0,0,2021-22
1628370,Malik,Monk,USA,6-3,200,Guard,2017.0,2023.0,1,0,0,2022-23
1630541,Moses,Moody,USA,6-5,211,Guard,2021.0,2023.0,1,0,0,2021-22
1630541,Moses,Moody,USA,6-5,211,Guard,2021.0,2023.0,1,0,0,2022-23
1629875,Xavier,Moon,USA,6-0,165,Guard,2021.0,2023.0,1,0,0,2021-22
1629875,Xavier,Moon,USA,6-0,165,Guard,2021.0,2023.0,1,0,0,2022-23
1629760,Matt,Mooney,USA,6-2,199,Guard,2019.0,2021.0,1,0,0,2021-22
1631111,Wendell,Moore Jr.,USA,6-5,215,Guard,2022.0,2023.0,1,0,0,2021-22
1631111,Wendell,Moore Jr.,USA,6-5,215,Guard,2022.0,2023.0,1,0,0,2022-23
1629752,Juwan,Morgan,USA,6-7,232,Forward,2019.0,2021.0,0,1,0,2021-22
1628537,Jaylen,Morris,USA,6-5,185,Guard,2017.0,2021.0,1,0,0,2021-22
202693,Markieff,Morris,USA,6-9,245,Forward,2011.0,2023.0,0,1,0,2021-22
202693,Markieff,Morris,USA,6-9,245,Forward,2011.0,2023.0,0,1,0,2022-23
1628420,Monte,Morris,USA,6-2,183,Guard,2017.0,2023.0,1,0,0,2021-22
1628420,Monte,Morris,USA,6-2,183,Guard,2017.0,2023.0,1,0,0,2022-23
202694,Marcus,Morris Sr.,USA,6-8,218,Forward,2011.0,2023.0,0,1,0,2021-22
202694,Marcus,Morris Sr.,USA,6-8,218,Forward,2011.0,2023.0,0,1,0,2022-23
1626144,Emmanuel,Mudiay,DRC,6-3,200,Guard,2015.0,2021.0,1,0,0,2021-22
1628539,Mychal,Mulder,Canada,6-3,195,Guard,2019.0,2021.0,1,0,0,2021-22
1630530,Trey,Murphy III,USA,6-8,206,Forward,2021.0,2023.0,0,1,0,2021-22
1630530,Trey,Murphy III,USA,6-8,206,Forward,2021.0,2023.0,0,1,0,2022-23
1627749,Dejounte,Murray,USA,6-5,180,Guard,2016.0,2023.0,1,0,0,2021-22
1627749,Dejounte,Murray,USA,6-5,180,Guard,2016.0,2023.0,1,0,0,2022-23
1631099,Keegan,Murray,USA,6-8,225,Forward,2022.0,2023.0,0,1,0,2021-22
1631099,Keegan,Murray,USA,6-8,225,Forward,2022.0,2023.0,0,1,0,2022-23
203488,Mike,Muscala,USA,6-11,240,Forward-Center,2013.0,2023.0,0,1,1,2021-22
203488,Mike,Muscala,USA,6-11,240,Forward-Center,2013.0,2023.0,0,1,1,2022-23
1629004,Svi,Mykhailiuk,Ukraine,6-7,205,Guard-Forward,2018.0,2023.0,1,1,0,2021-22
1629004,Svi,Mykhailiuk,Ukraine,6-7,205,Guard-Forward,2018.0,2023.0,1,1,0,2022-23
1626204,Larry,Nance Jr.,USA,6-8,245,Forward-Center,2015.0,2023.0,0,1,1,2021-22
1626204,Larry,Nance Jr.,USA,6-8,245,Forward-Center,2015.0,2023.0,0,1,1,2022-23
1629614,Andrew,Nembhard,Canada,6-3,191,Guard-Forward,2022.0,2023.0,1,1,0,2021-22
1629614,Andrew,Nembhard,Canada,6-3,191,Guard-Forward,2022.0,2023.0,1,1,0,2022-23
1630612,RJ,Nembhard,USA,6-4,200,Guard,2021.0,2021.0,1,0,0,2021-22
1630174,Aaron,Nesmith,USA,6-5,215,Guard-Forward,2020.0,2023.0,1,1,0,2021-22
1630174,Aaron,Nesmith,USA,6-5,215,Guard-Forward,2020.0,2023.0,1,1,0,2022-23
203526,Raul,Neto,Brazil,6-2,180,Guard,2015.0,2023.0,1,0,0,2021-22
203526,Raul,Neto,Brazil,6-2,180,Guard,2015.0,2023.0,1,0,0,2022-23
1629005,Malik,Newman,USA,6-3,190,Guard,2019.0,2021.0,1,0,0,2021-22
1630227,Daishen,Nix,USA,6-4,226,Guard,2021.0,2022.0,1,0,0,2021-22
1630227,Daishen,Nix,USA,6-4,226,Guard,2021.0,2022.0,1,0,0,2022-23
1630192,Zeke,Nnaji,USA,6-9,240,Forward-Center,2020.0,2023.0,0,1,1,2021-22
1630192,Zeke,Nnaji,USA,6-9,240,Forward-Center,2020.0,2023.0,0,1,1,2022-23
203457,Nerlens,Noel,USA,6-10,220,Center-Forward,2013.0,2022.0,0,1,1,2021-22
203457,Nerlens,Noel,USA,6-10,220,Center-Forward,2013.0,2022.0,0,1,1,2022-23
1628373,Frank,Ntilikina,France,6-4,200,Guard,2017.0,2023.0,1,0,0,2021-22
1628373,Frank,Ntilikina,France,6-4,200,Guard,2017.0,2023.0,1,0,0,2022-23
1629134,Kendrick,Nunn,USA,6-3,190,Guard,2018.0,2023.0,1,0,0,2021-22
1629134,Kendrick,Nunn,USA,6-3,190,Guard,2018.0,2023.0,1,0,0,2022-23
203994,Jusuf,Nurkic,Bosnia and Herzegovina,7-0,290,Center,2014.0,2023.0,0,0,1,2021-22
203994,Jusuf,Nurkic,Bosnia and Herzegovina,7-0,290,Center,2014.0,2023.0,0,0,1,2022-23
1628021,David,Nwaba,USA,6-5,219,Guard-Forward,2016.0,2021.0,1,1,0,2021-22
1629670,Jordan,Nwora,USA,6-9,225,Forward,2020.0,2023.0,0,1,0,2021-22
1629670,Jordan,Nwora,USA,6-9,225,Forward,2020.0,2023.0,0,1,0,2022-23
1626220,Royce,O'Neale,USA,6-6,226,Forward,2017.0,2023.0,0,1,0,2021-22
1626220,Royce,O'Neale,USA,6-6,226,Forward,2017.0,2023.0,0,1,0,2022-23
1628400,Semi,Ojeleye,USA,6-6,240,Forward,2017.0,2021.0,0,1,0,2021-22
1629643,Chuma,Okeke,USA,6-8,229,Forward,2020.0,2023.0,0,1,0,2021-22
1629643,Chuma,Okeke,USA,6-8,229,Forward,2020.0,2023.0,0,1,0,2022-23
1629006,Josh,Okogie,Nigeria,6-4,213,Guard,2018.0,2023.0,1,0,0,2021-22
1629006,Josh,Okogie,Nigeria,6-4,213,Guard,2018.0,2023.0,1,0,0,2022-23
1630171,Isaac,Okoro,USA,6-5,225,Forward-Guard,2020.0,2023.0,1,1,0,2021-22
1630171,Isaac,Okoro,USA,6-5,225,Forward-Guard,2020.0,2023.0,1,1,0,2022-23
1629644,KZ,Okpala,USA,6-8,215,Forward-Guard,2019.0,2022.0,1,1,0,2021-22
1629644,KZ,Okpala,USA,6-8,215,Forward-Guard,2019.0,2022.0,1,1,0,2022-23
1628419,Cameron,Oliver,USA,6-8,239,Forward,2020.0,2021.0,0,1,0,2021-22
203482,Kelly,Olynyk,Canada,6-11,240,Forward-Center,2013.0,2023.0,0,1,1,2021-22
203482,Kelly,Olynyk,Canada,6-11,240,Forward-Center,2013.0,2023.0,0,1,1,2022-23
1629671,Miye,Oni,USA,6-5,206,Guard-Forward,2019.0,2021.0,1,1,0,2021-22
1626224,Cedi,Osman,Turkey,6-7,230,Forward,2017.0,2023.0,0,1,0,2021-22
1626224,Cedi,Osman,Turkey,6-7,230,Forward,2017.0,2023.0,0,1,0,2022-23
1630187,Daniel,Oturu,USA,6-8,240,Center,2020.0,2021.0,0,0,1,2021-22
1626162,Kelly,Oubre Jr.,USA,6-6,203,Forward-Guard,2015.0,2023.0,1,1,0,2021-22
1626162,Kelly,Oubre Jr.,USA,6-6,203,Forward-Guard,2015.0,2023.0,1,1,0,2022-23
1629873,Jaysean,Paige,USA,6-2,200,Guard,2021.0,2021.0,1,0,0,2021-22
1629309,Trayvon,Palmer,USA,6-6,200,Guard,2021.0,2021.0,1,0,0,2021-22
1630698,Kevin,Pangos,Canada,6-1,179,Guard,2021.0,2021.0,1,0,0,2021-22
203953,Jabari,Parker,USA,6-7,245,Forward,2014.0,2021.0,0,1,0,2021-22
1629672,Eric,Paschall,USA,6-6,255,Forward,2019.0,2021.0,0,1,0,2021-22
101108,Chris,Paul,USA,6-0,175,Guard,2005.0,2023.0,1,0,0,2021-22
101108,Chris,Paul,USA,6-0,175,Guard,2005.0,2023.0,1,0,0,2022-23
203901,Elfrid,Payton,USA,6-3,195,Guard,2014.0,2021.0,1,0,0,2021-22
1627780,Gary,Payton II,USA,6-2,195,Guard,2016.0,2023.0,1,0,0,2021-22
1627780,Gary,Payton II,USA,6-2,195,Guard,2016.0,2023.0,1,0,0,2022-23
203658,Norvel,Pelle,Antigua and Barbuda,6-10,231,Center,2019.0,2021.0,0,0,1,2021-22
1629617,Reggie,Perry,USA,6-8,250,Forward-Center,2020.0,2021.0,0,1,1,2021-22
1630691,Jamorko,Pickett,USA,6-9,206,Forward,2021.0,2021.0,0,1,0,2021-22
1629033,Theo,Pinson,USA,6-7,212,Guard-Forward,2018.0,2023.0,1,1,0,2021-22
1629033,Theo,Pinson,USA,6-7,212,Guard-Forward,2018.0,2023.0,1,1,0,2022-23
1630590,Scotty,Pippen Jr.,USA,6-1,170,Guard,2022.0,2023.0,1,0,0,2021-22
1630590,Scotty,Pippen Jr.,USA,6-1,170,Guard,2022.0,2023.0,1,0,0,2022-23
203486,Mason,Plumlee,USA,7-0,254,Forward-Center,2013.0,2023.0,0,1,1,2021-22
203486,Mason,Plumlee,USA,7-0,254,Forward-Center,2013.0,2023.0,0,1,1,2022-23
1627751,Jakob,Poeltl,Austria,7-1,245,Center,2016.0,2023.0,0,0,1,2021-22
1627751,Jakob,Poeltl,Austria,7-1,245,Center,2016.0,2023.0,0,0,1,2022-23
1630197,Aleksej,Pokusevski,Serbia,7-0,210,Forward,2020.0,2023.0,0,1,0,2021-22
1630197,Aleksej,Pokusevski,Serbia,7-0,210,Forward,2020.0,2023.0,0,1,0,2022-23
1630582,Yves,Pons,France,6-5,206,Forward,2021.0,2021.0,0,1,0,2021-22
1629673,Jordan,Poole,USA,6-4,194,Guard,2019.0,2023.0,1,0,0,2021-22
1629673,Jordan,Poole,USA,6-4,194,Guard,2019.0,2023.0,1,0,0,2022-23
1629645,Kevin,Porter Jr.,USA,6-4,203,Guard-Forward,2019.0,2023.0,1,1,0,2021-22
1629645,Kevin,Porter Jr.,USA,6-4,203,Guard-Forward,2019.0,2023.0,1,1,0,2022-23
1629008,Michael,Porter Jr.,USA,6-10,218,Forward,2018.0,2023.0,0,1,0,2021-22
1629008,Michael,Porter Jr.,USA,6-10,218,Forward,2018.0,2023.0,0,1,0,2022-23
203490,Otto,Porter Jr.,USA,6-8,198,Forward,2013.0,2023.0,0,1,0,2021-22
203490,Otto,Porter Jr.,USA,6-8,198,Forward,2013.0,2023.0,0,1,0,2022-23
204001,Kristaps,Porzingis,Latvia,7-3,240,Forward-Center,2015.0,2023.0,0,1,1,2021-22
204001,Kristaps,Porzingis,Latvia,7-3,240,Forward-Center,2015.0,2023.0,0,1,1,2022-23
1630695,Micah,Potter,USA,6-8,248,Center,2021.0,2023.0,0,0,1,2021-22
1630695,Micah,Potter,USA,6-8,248,Center,2021.0,2023.0,0,0,1,2022-23
203939,Dwight,Powell,Canada,6-10,240,Forward-Center,2014.0,2023.0,0,1,1,2021-22
203939,Dwight,Powell,Canada,6-10,240,Forward-Center,2014.0,2023.0,0,1,1,2022-23
1629619,Myles,Powell,USA,6-2,195,Guard,2021.0,2021.0,1,0,0,2021-22
1626181,Norman,Powell,USA,6-4,215,Guard,2015.0,2023.0,1,0,0,2021-22
1626181,Norman,Powell,USA,6-4,215,Guard,2015.0,2023.0,1,0,0,2022-23
1630554,Jason,Preston,USA,6-3,181,Guard,2021.0,2023.0,1,0,0,2021-22
1630554,Jason,Preston,USA,6-3,181,Guard,2021.0,2023.0,1,0,0,2022-23
1630563,Joshua,Primo,Canada,6-6,189,Guard,2021.0,2022.0,1,0,0,2021-22
1630563,Joshua,Primo,Canada,6-6,189,Guard,2021.0,2022.0,1,0,0,2022-23
1627752,Taurean,Prince,USA,6-6,218,Forward,2016.0,2022.0,0,1,0,2021-22
1627752,Taurean,Prince,USA,6-6,218,Forward,2016.0,2022.0,0,1,0,2022-23
1630202,Payton,Pritchard,USA,6-1,195,Guard,2020.0,2023.0,1,0,0,2021-22
1630202,Payton,Pritchard,USA,6-1,195,Guard,2020.0,2023.0,1,0,0,2022-23
1630243,Trevelin,Queen,USA,6-6,190,Guard,2021.0,2022.0,1,0,0,2021-22
1630243,Trevelin,Queen,USA,6-6,190,Guard,2021.0,2022.0,1,0,0,2022-23
1629674,Neemias,Queta,Portugal,7-0,248,Center,2021.0,2023.0,0,0,1,2021-22
1629674,Neemias,Queta,Portugal,7-0,248,Center,2021.0,2023.0,0,0,1,2022-23
1630193,Immanuel,Quickley,USA,6-2,190,Guard,2020.0,2023.0,1,0,0,2021-22
1630193,Immanuel,Quickley,USA,6-2,190,Guard,2020.0,2023.0,1,0,0,2022-23
1631311,Lester,Quinones,USA,6-4,208,Guard,2022.0,2023.0,1,0,0,2021-22
1631311,Lester,Quinones,USA,6-4,208,Guard,2022.0,2023.0,1,0,0,2022-23
1630186,Jahmi'us,Ramsey,USA,6-3,190,Guard,2020.0,2021.0,1,0,0,2021-22
203944,Julius,Randle,USA,6-8,250,Forward-Center,2014.0,2023.0,0,1,1,2021-22
203944,Julius,Randle,USA,6-8,250,Forward-Center,2014.0,2023.0,0,1,1,2022-23
1630559,Austin,Reaves,USA,6-5,197,Guard,2021.0,2023.0,1,0,0,2021-22
1630559,Austin,Reaves,USA,6-5,197,Guard,2021.0,2023.0,1,0,0,2022-23
1629629,Cam,Reddish,USA,6-7,217,Forward-Guard,2019.0,2023.0,1,1,0,2021-22
1629629,Cam,Reddish,USA,6-7,217,Forward-Guard,2019.0,2023.0,1,1,0,2022-23
1628432,Davon,Reed,USA,6-5,206,Guard,2017.0,2022.0,1,0,0,2021-22
1628432,Davon,Reed,USA,6-5,206,Guard,2017.0,2022.0,1,0,0,2022-23
1630194,Paul,Reed,USA,6-9,210,Forward,2020.0,2023.0,0,1,0,2021-22
1630194,Paul,Reed,USA,6-9,210,Forward,2020.0,2023.0,0,1,0,2022-23
1629675,Naz,Reid,USA,6-9,264,Center-Forward,2019.0,2023.0,0,1,1,2021-22
1629675,Naz,Reid,USA,6-9,264,Center-Forward,2019.0,2023.0,0,1,1,2022-23
1631197,Jared,Rhoden,USA,6-6,210,Guard,2022.0,2023.0,1,0,0,2021-22
1631197,Jared,Rhoden,USA,6-6,210,Guard,2022.0,2023.0,1,0,0,2022-23
1630208,Nick,Richards,Jamaica,7-0,245,Center,2020.0,2023.0,0,0,1,2021-22
1630208,Nick,Richards,Jamaica,7-0,245,Center,2020.0,2023.0,0,0,1,2022-23
1626196,Josh,Richardson,USA,6-6,200,Guard,2015.0,2023.0,1,0,0,2021-22
1626196,Josh,Richardson,USA,6-6,200,Guard,2015.0,2023.0,1,0,0,2022-23
203085,Austin,Rivers,USA,6-4,200,Guard,2012.0,2023.0,1,0,0,2021-22
203085,Austin,Rivers,USA,6-4,200,Guard,2012.0,2023.0,1,0,0,2022-23
1629130,Duncan,Robinson,USA,6-7,215,Forward,2018.0,2023.0,0,1,0,2021-22
1629130,Duncan,Robinson,USA,6-7,215,Forward,2018.0,2023.0,0,1,0,2022-23
1629620,Justin,Robinson,USA,6-1,195,Guard,2019.0,2021.0,1,0,0,2021-22
1629011,Mitchell,Robinson,USA,7-0,240,Center-Forward,2018.0,2023.0,0,1,1,2021-22
1629011,Mitchell,Robinson,USA,7-0,240,Center-Forward,2018.0,2023.0,0,1,1,2022-23
1631115,Orlando,Robinson,USA,6-10,235,Center,2022.0,2023.0,0,0,1,2021-22
1631115,Orlando,Robinson,USA,6-10,235,Center,2022.0,2023.0,0,0,1,2022-23
1630526,Jeremiah,Robinson-Earl,USA,6-8,240,Forward,2021.0,2023.0,0,1,0,2021-22
1630526,Jeremiah,Robinson-Earl,USA,6-8,240,Forward,2021.0,2023.0,0,1,0,2022-23
1629676,Isaiah,Roby,USA,6-8,230,Forward,2019.0,2023.0,0,1,0,2021-22
1629676,Isaiah,Roby,USA,6-8,230,Forward,2019.0,2023.0,0,1,0,2022-23
1631223,David,Roddy,USA,6-4,255,Forward,2022.0,2023.0,0,1,0,2021-22
1631223,David,Roddy,USA,6-4,255,Forward,2022.0,2023.0,0,1,0,2022-23
1631157,Ryan,Rollins,USA,6-3,180,Guard,2022.0,2023.0,1,0,0,2021-22
1631157,Ryan,Rollins,USA,6-3,180,Guard,2022.0,2023.0,1,0,0,2022-23
200765,Rajon,Rondo,USA,6-1,180,Guard,2006.0,2021.0,1,0,0,2021-22
203082,Terrence,Ross,USA,6-7,206,Guard-Forward,2012.0,2023.0,1,1,0,2021-22
203082,Terrence,Ross,USA,6-7,206,Guard-Forward,2012.0,2023.0,1,1,0,2022-23
1626179,Terry,Rozier,USA,6-1,190,Guard,2015.0,2023.0,1,0,0,2021-22
1626179,Terry,Rozier,USA,6-1,190,Guard,2015.0,2023.0,1,0,0,2022-23
201937,Ricky,Rubio,Spain,6-2,190,Guard,2011.0,2023.0,1,0,0,2021-22
201937,Ricky,Rubio,Spain,6-2,190,Guard,2011.0,2023.0,1,0,0,2022-23
1630346,Matt,Ryan,USA,6-6,215,Forward,2021.0,2023.0,0,1,0,2021-22
1630346,Matt,Ryan,USA,6-6,215,Forward,2021.0,2023.0,0,1,0,2022-23
1627734,Domantas,Sabonis,Lithuania,7-1,240,Forward-Center,2016.0,2023.0,0,1,1,2021-22
1627734,Domantas,Sabonis,Lithuania,7-1,240,Forward-Center,2016.0,2023.0,0,1,1,2022-23
1629677,Luka,Samanic,Croatia,6-10,227,Forward,2019.0,2023.0,0,1,0,2021-22
1629677,Luka,Samanic,Croatia,6-10,227,Forward,2019.0,2023.0,0,1,0,2022-23
203967,Dario,Saric,Croatia,6-10,225,Forward-Center,2016.0,2023.0,0,1,1,2021-22
203967,Dario,Saric,Croatia,6-10,225,Forward-Center,2016.0,2023.0,0,1,1,2022-23
1630846,Olivier,Sarr,France,6-11,240,Center,2021.0,2023.0,0,0,1,2021-22
1630846,Olivier,Sarr,France,6-11,240,Center,2021.0,2023.0,0,0,1,2022-23
203107,Tomas,Satoransky,Czech Republic,6-7,210,Guard,2016.0,2021.0,1,0,0,2021-22
1630648,Jordan,Schakel,USA,6-6,200,Guard,2021.0,2022.0,1,0,0,2021-22
1630648,Jordan,Schakel,USA,6-6,200,Guard,2021.0,2022.0,1,0,0,2022-23
1629678,Admiral,Schofield,United Kingdom,6-5,241,Forward,2019.0,2023.0,0,1,0,2021-22
1629678,Admiral,Schofield,United Kingdom,6-5,241,Forward,2019.0,2023.0,0,1,0,2022-23
203471,Dennis,Schroder,Germany,6-1,172,Guard,2013.0,2023.0,1,0,0,2021-22
203471,Dennis,Schroder,Germany,6-1,172,Guard,2013.0,2023.0,1,0,0,2022-23
1630286,Tre,Scott,USA,6-8,225,Forward,2021.0,2021.0,0,1,0,2021-22
1630206,Jay,Scrubb,USA,6-5,220,Guard,2020.0,2022.0,1,0,0,2021-22
1630206,Jay,Scrubb,USA,6-5,220,Guard,2020.0,2022.0,1,0,0,2022-23
1631220,Dereon,Seabron,USA,6-5,180,Guard,2022.0,2023.0,1,0,0,2021-22
1631220,Dereon,Seabron,USA,6-5,180,Guard,2022.0,2023.0,1,0,0,2022-23
1627782,Wayne,Selden,USA,6-4,232,Guard,2016.0,2021.0,1,0,0,2021-22
1629012,Collin,Sexton,USA,6-2,190,Guard,2018.0,2023.0,1,0,0,2021-22
1629012,Collin,Sexton,USA,6-2,190,Guard,2018.0,2023.0,1,0,0,2022-23
1629013,Landry,Shamet,USA,6-4,190,Guard,2018.0,2023.0,1,0,0,2021-22
1629013,Landry,Shamet,USA,6-4,190,Guard,2018.0,2023.0,1,0,0,2022-23
1630549,Day'Ron,Sharpe,USA,6-9,265,Center,2021.0,2023.0,0,0,1,2021-22
1630549,Day'Ron,Sharpe,USA,6-9,265,Center,2021.0,2023.0,0,0,1,2022-23
1631101,Shaedon,Sharpe,Canada,6-5,200,Guard,2022.0,2023.0,1,0,0,2021-22
1631101,Shaedon,Sharpe,Canada,6-5,200,Guard,2022.0,2023.0,1,0,0,2022-23
1627783,Pascal,Siakam,Cameroon,6-8,230,Forward,2016.0,2023.0,0,1,0,2021-22
1627783,Pascal,Siakam,Cameroon,6-8,230,Forward,2016.0,2023.0,0,1,0,2022-23
1629735,Chris,Silva,Gabon,6-8,234,Forward,2019.0,2022.0,0,1,0,2021-22
1629735,Chris,Silva,Gabon,6-8,234,Forward,2019.0,2022.0,0,1,0,2022-23
1627732,Ben,Simmons,Australia,6-10,240,Guard-Forward,2016.0,2023.0,1,1,0,2021-22
1627732,Ben,Simmons,Australia,6-10,240,Guard-Forward,2016.0,2023.0,1,1,0,2022-23
1628424,Kobi,Simmons,USA,6-5,180,Guard,2017.0,2023.0,1,0,0,2021-22
1628424,Kobi,Simmons,USA,6-5,180,Guard,2017.0,2023.0,1,0,0,2022-23
1630250,Marko,Simonovic,Montenegro,7-0,220,Center,2021.0,2023.0,0,0,1,2021-22
1630250,Marko,Simonovic,Montenegro,7-0,220,Center,2021.0,2023.0,0,0,1,2022-23
1629014,Anfernee,Simons,USA,6-3,181,Guard,2018.0,2023.0,1,0,0,2021-22
1629014,Anfernee,Simons,USA,6-3,181,Guard,2018.0,2023.0,1,0,0,2022-23
1630285,Zavier,Simpson,USA,6-0,190,Guard,2021.0,2021.0,1,0,0,2021-22
1630579,Jericho,Sims,USA,6-10,250,Center,2021.0,2023.0,0,0,1,2021-22
1630579,Jericho,Sims,USA,6-10,250,Center,2021.0,2023.0,0,0,1,2022-23
1629686,Deividas,Sirvydis,Lithuania,6-8,190,Forward-Guard,2020.0,2021.0,1,1,0,2021-22
1630606,Javonte,Smart,USA,6-4,205,Guard,2021.0,2021.0,1,0,0,2021-22
203935,Marcus,Smart,USA,6-4,220,Guard,2014.0,2023.0,1,0,0,2021-22
203935,Marcus,Smart,USA,6-4,220,Guard,2014.0,2023.0,1,0,0,2022-23
1630696,Dru,Smith,USA,6-3,203,Guard,2022.0,2023.0,1,0,0,2021-22
1630696,Dru,Smith,USA,6-3,203,Guard,2022.0,2023.0,1,0,0,2022-23
202397,Ish,Smith,USA,6-0,175,Guard,2010.0,2023.0,1,0,0,2021-22
202397,Ish,Smith,USA,6-0,175,Guard,2010.0,2023.0,1,0,0,2022-23
1630188,Jalen,Smith,USA,6-9,215,Forward-Center,2020.0,2023.0,0,1,1,2021-22
1630188,Jalen,Smith,USA,6-9,215,Forward-Center,2020.0,2023.0,0,1,1,2022-23
1628372,Dennis,Smith Jr.,USA,6-2,205,Guard,2017.0,2023.0,1,0,0,2021-22
1628372,Dennis,Smith Jr.,USA,6-2,205,Guard,2017.0,2023.0,1,0,0,2022-23
1631095,Jabari,Smith Jr.,USA,6-11,220,Forward,2022.0,2023.0,0,1,0,2021-22
1631095,Jabari,Smith Jr.,USA,6-11,220,Forward,2022.0,2023.0,0,1,0,2022-23
1630270,Xavier,Sneed,USA,6-5,215,Forward,2021.0,2023.0,0,1,0,2021-22
1630270,Xavier,Sneed,USA,6-5,215,Forward,2021.0,2023.0,0,1,0,2022-23
203503,Tony,Snell,USA,6-6,213,Guard,2013.0,2021.0,1,0,0,2021-22
1631110,Jeremy,Sochan,Poland,6-8,230,Forward,2022.0,2023.0,0,1,0,2021-22
1631110,Jeremy,Sochan,Poland,6-8,230,Forward,2022.0,2023.0,0,1,0,2022-23
1630531,Jaden,Springer,USA,6-4,202,Guard,2021.0,2023.0,1,0,0,2021-22
1630531,Jaden,Springer,USA,6-4,202,Guard,2021.0,2023.0,1,0,0,2022-23
1630199,Cassius,Stanley,USA,6-5,190,Guard,2020.0,2021.0,1,0,0,2021-22
203917,Nik,Stauskas,Canada,6-6,207,Guard,2014.0,2021.0,1,0,0,2021-22
202362,Lance,Stephenson,USA,6-5,210,Forward,2010.0,2021.0,0,1,0,2021-22
1630205,Lamar,Stevens,USA,6-6,230,Forward,2020.0,2023.0,0,1,0,2021-22
1630205,Lamar,Stevens,USA,6-6,230,Forward,2020.0,2023.0,0,1,0,2022-23
1630597,D.J.,Stewart,USA,6-5,205,Guard,2021.0,2021.0,1,0,0,2021-22
1630191,Isaiah,Stewart,USA,6-8,250,Forward-Center,2020.0,2023.0,0,1,1,2021-22
1630191,Isaiah,Stewart,USA,6-8,250,Forward-Center,2020.0,2023.0,0,1,1,2022-23
1629622,Max,Strus,USA,6-5,215,Guard-Forward,2019.0,2023.0,1,1,0,2021-22
1629622,Max,Strus,USA,6-5,215,Guard-Forward,2019.0,2023.0,1,1,0,2022-23
1630591,Jalen,Suggs,USA,6-5,205,Guard,2021.0,2023.0,1,0,0,2021-22
1630591,Jalen,Suggs,USA,6-5,205,Guard,2021.0,2023.0,1,0,0,2022-23
1628410,Edmond,Sumner,USA,6-4,196,Guard,2017.0,2023.0,1,0,0,2021-22
1628410,Edmond,Sumner,USA,6-4,196,Guard,2017.0,2023.0,1,0,0,2022-23
1631306,Cole,Swider,USA,6-9,220,Forward,2022.0,2023.0,0,1,0,2021-22
1631306,Cole,Swider,USA,6-9,220,Forward,2022.0,2023.0,0,1,0,2022-23
1628591,Craig,Sword,USA,6-3,196,Guard,2021.0,2021.0,1,0,0,2021-22
1626208,Keifer,Sykes,USA,5-11,167,Guard,2021.0,2021.0,1,0,0,2021-22
1630256,Jae'Sean,Tate,USA,6-5,230,Forward,2020.0,2023.0,0,1,0,2021-22
1630256,Jae'Sean,Tate,USA,6-5,230,Forward,2020.0,2023.0,0,1,0,2022-23
1628369,Jayson,Tatum,USA,6-8,210,Forward-Guard,2017.0,2023.0,1,1,0,2021-22
1628369,Jayson,Tatum,USA,6-8,210,Forward-Guard,2017.0,2023.0,1,1,0,2022-23
1630678,Terry,Taylor,USA,6-4,230,Forward,2021.0,2023.0,0,1,0,2021-22
1630678,Terry,Taylor,USA,6-4,230,Forward,2021.0,2023.0,0,1,0,2022-23
202066,Garrett,Temple,USA,6-6,195,Guard-Forward,2009.0,2022.0,1,1,0,2021-22
202066,Garrett,Temple,USA,6-6,195,Guard-Forward,2009.0,2022.0,1,1,0,2022-23
1631207,Dalen,Terry,USA,6-7,195,Forward,2022.0,2023.0,0,1,0,2021-22
1631207,Dalen,Terry,USA,6-7,195,Forward,2022.0,2023.0,0,1,0,2022-23
1629150,Emanuel,Terry,USA,6-9,220,Forward,2018.0,2021.0,0,1,0,2021-22
1630179,Tyrell,Terry,USA,6-2,160,Guard,2020.0,2021.0,1,0,0,2021-22
1630257,Jon,Teske,USA,7-1,265,Center,2021.0,2021.0,0,0,1,2021-22
1628464,Daniel,Theis,Germany,6-8,245,Forward-Center,2017.0,2023.0,0,1,1,2021-22
1628464,Daniel,Theis,Germany,6-8,245,Forward-Center,2017.0,2023.0,0,1,1,2022-23
1630271,Brodric,Thomas,USA,6-5,185,Guard,2020.0,2021.0,1,0,0,2021-22
1630560,Cam,Thomas,Japan,6-3,210,Guard,2021.0,2023.0,1,0,0,2021-22
1630560,Cam,Thomas,Japan,6-3,210,Guard,2021.0,2023.0,1,0,0,2022-23
202738,Isaiah,Thomas,USA,5-9,185,Guard,2011.0,2021.0,1,0,0,2021-22
1629744,Matt,Thomas,USA,6-3,190,Guard,2019.0,2021.0,1,0,0,2021-22
202691,Klay,Thompson,USA,6-6,220,Guard,2011.0,2023.0,1,0,0,2021-22
202691,Klay,Thompson,USA,6-6,220,Guard,2011.0,2023.0,1,0,0,2022-23
202684,Tristan,Thompson,Canada,6-9,254,Center-Forward,2011.0,2023.0,0,1,1,2021-22
202684,Tristan,Thompson,Canada,6-9,254,Center-Forward,2011.0,2023.0,0,1,1,2022-23
1630550,JT,Thor,USA,6-9,203,Forward,2021.0,2023.0,0,1,0,2021-22
1630550,JT,Thor,USA,6-9,203,Forward,2021.0,2023.0,0,1,0,2022-23
1629680,Matisse,Thybulle,USA,6-5,201,Guard-Forward,2019.0,2023.0,1,1,0,2021-22
1629680,Matisse,Thybulle,USA,6-5,201,Guard-Forward,2019.0,2023.0,1,1,0,2022-23
1629681,Killian,Tillie,France,6-9,220,Forward-Center,2020.0,2021.0,0,1,1,2021-22
1630214,Xavier,Tillman,USA,6-7,245,Forward,2020.0,2023.0,0,1,0,2021-22
1630214,Xavier,Tillman,USA,6-7,245,Forward,2020.0,2023.0,0,1,0,2022-23
1630167,Obi,Toppin,USA,6-9,220,Forward,2020.0,2023.0,0,1,0,2021-22
1630167,Obi,Toppin,USA,6-9,220,Forward,2020.0,2023.0,0,1,0,2022-23
1629308,Juan,Toscano-Anderson,USA,6-6,209,Forward,2019.0,2023.0,0,1,0,2021-22
1629308,Juan,Toscano-Anderson,USA,6-6,209,Forward,2019.0,2023.0,0,1,0,2022-23
1629018,Gary,Trent Jr.,USA,6-5,209,Guard-Forward,2018.0,2023.0,1,1,0,2021-22
1629018,Gary,Trent Jr.,USA,6-5,209,Guard-Forward,2018.0,2023.0,1,1,0,2022-23
200782,P.J.,Tucker,USA,6-5,245,Forward,2006.0,2023.0,0,1,0,2021-22
200782,P.J.,Tucker,USA,6-5,245,Forward,2006.0,2023.0,0,1,0,2022-23
1629730,Rayjon,Tucker,USA,6-3,209,Guard,2019.0,2021.0,1,0,0,2021-22
1626167,Myles,Turner,USA,6-11,250,Center-Forward,2015.0,2023.0,0,1,1,2021-22
1626167,Myles,Turner,USA,6-11,250,Center-Forward,2015.0,2023.0,0,1,1,2022-23
1630649,Stanley,Umude,USA,6-6,210,Guard,2022.0,2022.0,1,0,0,2021-22
1630649,Stanley,Umude,USA,6-6,210,Guard,2022.0,2022.0,1,0,0,2022-23
202685,Jonas,Valanciunas,Lithuania,6-11,265,Center,2012.0,2023.0,0,0,1,2021-22
202685,Jonas,Valanciunas,Lithuania,6-11,265,Center,2012.0,2023.0,0,0,1,2022-23
1627756,Denzel,Valentine,USA,6-4,220,Guard,2016.0,2021.0,1,0,0,2021-22
1627832,Fred,VanVleet,USA,6-0,197,Guard,2016.0,2023.0,1,0,0,2021-22
1627832,Fred,VanVleet,USA,6-0,197,Guard,2016.0,2023.0,1,0,0,2022-23
1629020,Jarred,Vanderbilt,USA,6-8,214,Forward,2018.0,2023.0,0,1,0,2021-22
1629020,Jarred,Vanderbilt,USA,6-8,214,Forward,2018.0,2023.0,0,1,0,2022-23
1630170,Devin,Vassell,USA,6-5,200,Guard-Forward,2020.0,2023.0,1,1,0,2021-22
1630170,Devin,Vassell,USA,6-5,200,Guard-Forward,2020.0,2023.0,1,1,0,2022-23
1630492,Luca,Vildoza,Argentina,6-3,190,Guard,2020.0,2021.0,1,0,0,2021-22
1629216,Gabe,Vincent,USA,6-2,200,Guard,2019.0,2023.0,1,0,0,2021-22
1629216,Gabe,Vincent,USA,6-2,200,Guard,2019.0,2023.0,1,0,0,2022-23
203943,Noah,Vonleh,USA,6-10,257,Forward,2014.0,2022.0,0,1,0,2021-22
203943,Noah,Vonleh,USA,6-10,257,Forward,2014.0,2022.0,0,1,0,2022-23
202696,Nikola,Vucevic,Montenegro,6-10,260,Center,2011.0,2023.0,0,0,1,2021-22
202696,Nikola,Vucevic,Montenegro,6-10,260,Center,2011.0,2023.0,0,0,1,2022-23
1629731,Dean,Wade,USA,6-9,228,Forward-Center,2019.0,2023.0,0,1,1,2021-22
1629731,Dean,Wade,USA,6-9,228,Forward-Center,2019.0,2023.0,0,1,1,2022-23
1630532,Franz,Wagner,Germany,6-10,220,Forward,2021.0,2023.0,0,1,0,2021-22
1630532,Franz,Wagner,Germany,6-10,220,Forward,2021.0,2023.0,0,1,0,2022-23
1629021,Moritz,Wagner,Germany,6-11,245,Forward-Center,2018.0,2023.0,0,1,1,2021-22
1629021,Moritz,Wagner,Germany,6-11,245,Forward-Center,2018.0,2023.0,0,1,1,2022-23
1630688,Ish,Wainright,USA,6-5,250,Forward,2021.0,2023.0,0,1,0,2021-22
1630688,Ish,Wainright,USA,6-5,250,Forward,2021.0,2023.0,0,1,0,2022-23
1631133,Jabari,Walker,USA,6-7,200,Forward,2022.0,2023.0,0,1,0,2021-22
1631133,Jabari,Walker,USA,6-7,200,Forward,2022.0,2023.0,0,1,0,2022-23
202689,Kemba,Walker,USA,6-0,184,Guard,2011.0,2022.0,1,0,0,2021-22
202689,Kemba,Walker,USA,6-0,184,Guard,2011.0,2022.0,1,0,0,2022-23
1630640,MJ,Walker,USA,6-5,213,Guard,2021.0,2021.0,1,0,0,2021-22
1629022,Lonnie,Walker IV,USA,6-4,204,Guard-Forward,2018.0,2023.0,1,1,0,2021-22
1629022,Lonnie,Walker IV,USA,6-4,204,Guard-Forward,2018.0,2023.0,1,1,0,2022-23
202322,John,Wall,USA,6-3,210,Guard,2010.0,2022.0,1,0,0,2021-22
202322,John,Wall,USA,6-3,210,Guard,2010.0,2022.0,1,0,0,2022-23
1627820,Tyrone,Wallace,USA,6-5,198,Guard,2017.0,2021.0,1,0,0,2021-22
1628476,Derrick,Walton Jr.,USA,6-0,185,Guard,2017.0,2021.0,1,0,0,2021-22
202954,Brad,Wanamaker,USA,6-3,210,Guard,2018.0,2021.0,1,0,0,2021-22
203933,T.J.,Warren,USA,6-8,220,Forward,2014.0,2023.0,0,1,0,2021-22
203933,T.J.,Warren,USA,6-8,220,Forward,2014.0,2023.0,0,1,0,2022-23
1629023,P.J.,Washington,USA,6-7,230,Forward,2019.0,2023.0,0,1,0,2021-22
1629023,P.J.,Washington,USA,6-7,230,Forward,2019.0,2023.0,0,1,0,2022-23
1630613,Duane,Washington Jr.,Germany,6-2,197,Guard,2021.0,2023.0,1,0,0,2021-22
1630613,Duane,Washington Jr.,Germany,6-2,197,Guard,2021.0,2023.0,1,0,0,2022-23
1631102,TyTy,Washington Jr.,USA,6-3,195,Guard,2022.0,2023.0,1,0,0,2021-22
1631102,TyTy,Washington Jr.,USA,6-3,195,Guard,2022.0,2023.0,1,0,0,2022-23
1629139,Yuta,Watanabe,Japan,6-8,215,Guard-Forward,2018.0,2023.0,1,1,0,2021-22
1629139,Yuta,Watanabe,Japan,6-8,215,Guard-Forward,2018.0,2023.0,1,1,0,2022-23
1629682,Tremont,Waters,USA,5-10,175,Guard,2019.0,2021.0,1,0,0,2021-22
1630322,Lindy,Waters III,USA,6-6,210,Forward,2021.0,2023.0,0,1,0,2021-22
1630322,Lindy,Waters III,USA,6-6,210,Forward,2021.0,2023.0,0,1,0,2022-23
1630570,Trendon,Watford,USA,6-8,237,Forward,2021.0,2022.0,0,1,0,2021-22
1630570,Trendon,Watford,USA,6-8,237,Forward,2021.0,2022.0,0,1,0,2022-23
1628778,Paul,Watson,USA,6-6,210,Guard,2019.0,2021.0,1,0,0,2021-22
1631212,Peyton,Watson,USA,6-7,200,Guard,2022.0,2023.0,1,0,0,2021-22
1631212,Peyton,Watson,USA,6-7,200,Guard,2022.0,2023.0,1,0,0,2022-23
1629683,Quinndary,Weatherspoon,USA,6-3,205,Guard,2019.0,2021.0,1,0,0,2021-22
1631104,Blake,Wesley,USA,6-4,185,Guard,2022.0,2023.0,1,0,0,2021-22
1631104,Blake,Wesley,USA,6-4,185,Guard,2022.0,2023.0,1,0,0,2022-23
201566,Russell,Westbrook,USA,6-3,200,Guard,2008.0,2023.0,1,0,0,2021-22
201566,Russell,Westbrook,USA,6-3,200,Guard,2008.0,2023.0,1,0,0,2022-23
1629632,Coby,White,USA,6-5,195,Guard,2019.0,2023.0,1,0,0,2021-22
1629632,Coby,White,USA,6-5,195,Guard,2019.0,2023.0,1,0,0,2022-23
1628401,Derrick,White,USA,6-4,190,Guard,2017.0,2023.0,1,0,0,2021-22
1628401,Derrick,White,USA,6-4,190,Guard,2017.0,2023.0,1,0,0,2022-23
1631298,Jack,White,Australia,6-7,225,Forward,2022.0,2023.0,0,1,0,2021-22
1631298,Jack,White,Australia,6-7,225,Forward,2022.0,2023.0,0,1,0,2022-23
202355,Hassan,Whiteside,USA,7-0,265,Center,2010.0,2021.0,0,0,1,2021-22
1630580,Joe,Wieskamp,USA,6-6,205,Guard-Forward,2021.0,2023.0,1,1,0,2021-22
1630580,Joe,Wieskamp,USA,6-6,205,Guard-Forward,2021.0,2023.0,1,1,0,2022-23
1630598,Aaron,Wiggins,USA,6-5,190,Guard,2021.0,2023.0,1,0,0,2021-22
1630598,Aaron,Wiggins,USA,6-5,190,Guard,2021.0,2023.0,1,0,0,2022-23
203952,Andrew,Wiggins,Canada,6-7,197,Forward,2014.0,2023.0,0,1,0,2021-22
203952,Andrew,Wiggins,Canada,6-7,197,Forward,2014.0,2023.0,0,1,0,2022-23
1629623,Lindell,Wigginton,Canada,6-1,189,Guard,2021.0,2023.0,1,0,0,2021-22
1629623,Lindell,Wigginton,Canada,6-1,189,Guard,2021.0,2023.0,1,0,0,2022-23
1631214,Alondes,Williams,USA,6-4,210,Guard,2022.0,2022.0,1,0,0,2021-22
1631214,Alondes,Williams,USA,6-4,210,Guard,2022.0,2022.0,1,0,0,2022-23
1630314,Brandon,Williams,USA,6-2,190,Guard,2021.0,2021.0,1,0,0,2021-22
1631495,Donovan,Williams,USA,6-6,190,Guard,2022.0,2022.0,1,0,0,2021-22
1631495,Donovan,Williams,USA,6-6,190,Guard,2022.0,2022.0,1,0,0,2022-23
1629684,Grant,Williams,USA,6-6,236,Forward,2019.0,2023.0,0,1,0,2021-22
1629684,Grant,Williams,USA,6-6,236,Forward,2019.0,2023.0,0,1,0,2022-23
1631114,Jalen,Williams,USA,6-5,211,Guard-Forward,2022.0,2023.0,1,1,0,2021-22
1631114,Jalen,Williams,USA,6-5,211,Guard-Forward,2022.0,2023.0,1,1,0,2022-23
1631119,Jaylin,Williams,USA,6-9,240,Forward,2022.0,2023.0,0,1,0,2021-22
1631119,Jaylin,Williams,USA,6-9,240,Forward,2022.0,2023.0,0,1,0,2022-23
1629026,Kenrich,Williams,USA,6-6,210,Guard-Forward,2018.0,2023.0,1,1,0,2021-22
1629026,Kenrich,Williams,USA,6-6,210,Guard-Forward,2018.0,2023.0,1,1,0,2022-23
101150,Lou,Williams,USA,6-2,175,Guard,2005.0,2021.0,1,0,0,2021-22
1631109,Mark,Williams,USA,7-0,240,Center,2022.0,2023.0,0,0,1,2021-22
1631109,Mark,Williams,USA,7-0,240,Center,2022.0,2023.0,0,0,1,2022-23
1630172,Patrick,Williams,USA,6-7,215,Forward,2020.0,2023.0,0,1,0,2021-22
1630172,Patrick,Williams,USA,6-7,215,Forward,2020.0,2023.0,0,1,0,2022-23
1630533,Ziaire,Williams,USA,6-9,185,Forward,2021.0,2023.0,0,1,0,2021-22
1630533,Ziaire,Williams,USA,6-9,185,Forward,2021.0,2023.0,0,1,0,2022-23
1629057,Robert,Williams III,USA,6-9,237,Center-Forward,2018.0,2023.0,0,1,1,2021-22
1629057,Robert,Williams III,USA,6-9,237,Center-Forward,2018.0,2023.0,0,1,1,2022-23
1631246,Vince,Williams Jr.,USA,6-4,205,Guard,2022.0,2023.0,1,0,0,2021-22
1631246,Vince,Williams Jr.,USA,6-4,205,Guard,2022.0,2023.0,1,0,0,2022-23
1629627,Zion,Williamson,USA,6-6,284,Forward,2019.0,2023.0,0,1,0,2021-22
1629627,Zion,Williamson,USA,6-6,284,Forward,2019.0,2023.0,0,1,0,2022-23
1628391,D.J.,Wilson,USA,6-10,231,Forward,2017.0,2021.0,0,1,0,2021-22
1629685,Dylan,Windler,USA,6-7,196,Guard-Forward,2019.0,2023.0,1,1,0,2021-22
1629685,Dylan,Windler,USA,6-7,196,Guard-Forward,2019.0,2023.0,1,1,0,2022-23
1626159,Justise,Winslow,USA,6-6,222,Forward-Guard,2015.0,2023.0,1,1,0,2021-22
1626159,Justise,Winslow,USA,6-6,222,Forward-Guard,2015.0,2023.0,1,1,0,2022-23
1630216,Cassius,Winston,USA,6-1,185,Guard,2020.0,2021.0,1,0,0,2021-22
1630164,James,Wiseman,USA,7-0,240,Center,2020.0,2023.0,0,0,1,2021-22
1630164,James,Wiseman,USA,7-0,240,Center,2020.0,2023.0,0,0,1,2022-23
1626174,Christian,Wood,USA,6-9,214,Forward,2015.0,2023.0,0,1,0,2021-22
1626174,Christian,Wood,USA,6-9,214,Forward,2015.0,2023.0,0,1,0,2022-23
1630218,Robert,Woodard II,USA,6-6,235,Forward,2020.0,2021.0,0,1,0,2021-22
1626153,Delon,Wright,USA,6-5,185,Guard,2015.0,2023.0,1,0,0,2021-22
1626153,Delon,Wright,USA,6-5,185,Guard,2015.0,2023.0,1,0,0,2022-23
1630589,Moses,Wright,USA,6-8,226,Forward,2021.0,2021.0,0,1,0,2021-22
1630593,McKinley,Wright IV,USA,5-11,192,Guard,2021.0,2023.0,1,0,0,2021-22
1630593,McKinley,Wright IV,USA,5-11,192,Guard,2021.0,2023.0,1,0,0,2022-23
1628221,Gabe,York,USA,6-3,190,Guard,2021.0,2023.0,1,0,0,2021-22
1628221,Gabe,York,USA,6-3,190,Guard,2021.0,2023.0,1,0,0,2022-23
201152,Thaddeus,Young,USA,6-8,235,Forward,2007.0,2023.0,0,1,0,2021-22
201152,Thaddeus,Young,USA,6-8,235,Forward,2007.0,2023.0,0,1,0,2022-23
1629027,Trae,Young,USA,6-1,164,Guard,2018.0,2023.0,1,0,0,2021-22
1629027,Trae,Young,USA,6-1,164,Guard,2018.0,2023.0,1,0,0,2022-23
1630209,Omer,Yurtseven,Turkey,6-11,275,Center,2020.0,2023.0,0,0,1,2021-22
1630209,Omer,Yurtseven,Turkey,6-11,275,Center,2020.0,2023.0,0,0,1,2022-23
203469,Cody,Zeller,USA,6-11,240,Forward-Center,2013.0,2023.0,0,1,1,2021-22
203469,Cody,Zeller,USA,6-11,240,Forward-Center,2013.0,2023.0,0,1,1,2022-23
1627826,Ivica,Zubac,Croatia,7-0,240,Center,2016.0,2023.0,0,0,1,2021-22
1627826,Ivica,Zubac,Croatia,7-0,240,Center,2016.0,2023.0,0,0,1,2022-23
